State,Year,Days with AQI,Good Days,Moderate Days,Unhealthy for Sensitive Groups Days,Unhealthy Days,Very Unhealthy Days,Hazardous Days,Max AQI,Median AQI
Alabama,2021.0,207.42857142857142,172.78571428571428,34.142857142857146,0.42857142857142855,0.0,0.07142857142857142,0.0,97.64285714285714,37.785714285714285
Alaska,2021.0,197.2,173.8,19.0,3.0,1.4,0.0,0.0,126.0,24.0
Arizona,2021.0,271.6923076923077,168.6153846153846,87.53846153846153,9.384615384615385,3.076923076923077,3.0,0.07692307692307693,152.92307692307693,47.46153846153846
Arkansas,2021.0,186.27272727272728,152.1818181818182,33.45454545454545,0.6363636363636364,0.0,0.0,0.0,87.63636363636364,36.45454545454545
California,2021.0,226.09803921568627,144.11764705882354,67.6470588235294,10.313725490196079,3.0588235294117645,0.6274509803921569,0.3333333333333333,212.2941176470588,44.76470588235294
Colorado,2021.0,215.64,142.56,60.0,11.96,1.08,0.0,0.04,136.04,39.2
Connecticut,2021.0,172.0,143.625,25.375,2.625,0.375,0.0,0.0,130.75,39.625
Country Of Mexico,2021.0,304.0,44.0,226.0,22.0,12.0,0.0,0.0,166.0,62.0
Delaware,2021.0,149.33333333333334,122.66666666666667,26.333333333333332,0.3333333333333333,0.0,0.0,0.0,100.33333333333333,39.333333333333336
District Of Columbia,2021.0,274.0,174.0,90.0,9.0,1.0,0.0,0.0,153.0,45.0
Florida,2021.0,183.46153846153845,160.48717948717947,22.846153846153847,0.10256410256410256,0.02564102564102564,0.0,0.0,84.41025641025641,37.743589743589745
Georgia,2021.0,220.28571428571428,179.89285714285714,39.142857142857146,1.2142857142857142,0.03571428571428571,0.0,0.0,100.82142857142857,37.17857142857143
Hawaii,2021.0,204.25,188.0,11.5,4.25,0.5,0.0,0.0,79.25,19.75
Idaho,2021.0,202.89473684210526,171.94736842105263,28.842105263157894,1.631578947368421,0.47368421052631576,0.0,0.0,92.42105263157895,26.63157894736842
Illinois,2021.0,284.7037037037037,220.77777777777777,61.666666666666664,2.074074074074074,0.18518518518518517,0.0,0.0,102.48148148148148,36.03703703703704
Indiana,2021.0,258.6,206.57142857142858,51.114285714285714,0.8857142857142857,0.02857142857142857,0.0,0.0,98.4,36.68571428571428
Iowa,2021.0,241.1875,181.1875,58.9375,0.875,0.1875,0.0,0.0,106.3125,38.1875
Kansas,2021.0,179.6,147.4,31.4,0.8,0.0,0.0,0.0,96.0,34.5
Kentucky,2021.0,193.5185185185185,166.66666666666666,26.555555555555557,0.2962962962962963,0.0,0.0,0.0,90.48148148148148,37.629629629629626
Louisiana,2021.0,264.2608695652174,235.04347826086956,28.47826086956522,0.6086956521739131,0.13043478260869565,0.0,0.0,98.26086956521739,32.82608695652174
Maine,2021.0,276.9,256.6,18.8,1.4,0.1,0.0,0.0,120.6,34.5
Maryland,2021.0,269.9375,220.75,46.75,2.4375,0.0,0.0,0.0,110.625,39.6875
Massachusetts,2021.0,242.07692307692307,204.53846153846155,35.84615384615385,1.6153846153846154,0.07692307692307693,0.0,0.0,121.6923076923077,37.76923076923077
Michigan,2021.0,265.6923076923077,217.26923076923077,46.03846153846154,2.3846153846153846,0.0,0.0,0.0,110.57692307692308,37.42307692307692
Minnesota,2021.0,166.6,138.6,27.75,0.25,0.0,0.0,0.0,92.75,35.05
Mississippi,2021.0,202.0,174.7,27.2,0.1,0.0,0.0,0.0,81.4,37.8
Missouri,2021.0,245.0909090909091,200.86363636363637,37.5,4.409090909090909,2.3181818181818183,0.0,0.0,113.04545454545455,40.40909090909091
Montana,2021.0,191.13333333333333,168.0,22.333333333333332,0.8,0.0,0.0,0.0,87.6,33.06666666666667
Nebraska,2021.0,227.0,190.33333333333334,34.888888888888886,1.7777777777777777,0.0,0.0,0.0,108.66666666666667,32.888888888888886
Nevada,2021.0,191.77777777777777,145.77777777777777,40.22222222222222,3.6666666666666665,1.7777777777777777,0.3333333333333333,0.0,109.55555555555556,36.55555555555556
New Hampshire,2021.0,189.71428571428572,169.71428571428572,19.571428571428573,0.42857142857142855,0.0,0.0,0.0,94.28571428571429,38.142857142857146
New Jersey,2021.0,175.8125,145.6875,29.1875,0.9375,0.0,0.0,0.0,106.1875,39.0625
New Mexico,2021.0,194.45454545454547,131.63636363636363,57.90909090909091,4.181818181818182,0.36363636363636365,0.09090909090909091,0.2727272727272727,198.8181818181818,42.81818181818182
New York,2021.0,263.14285714285717,228.67857142857142,31.928571428571427,2.392857142857143,0.14285714285714285,0.0,0.0,117.10714285714286,35.25
North Carolina,2021.0,213.35135135135135,184.3783783783784,28.81081081081081,0.16216216216216217,0.0,0.0,0.0,86.16216216216216,35.729729729729726
North Dakota,2021.0,236.2,181.9,45.6,5.8,2.9,0.0,0.0,160.2,35.9
Ohio,2021.0,249.51162790697674,197.69767441860466,50.58139534883721,1.2093023255813953,0.023255813953488372,0.0,0.0,95.74418604651163,34.604651162790695
Oklahoma,2021.0,253.55,187.25,63.1,3.0,0.2,0.0,0.0,122.7,40.6
Oregon,2021.0,177.2173913043478,156.17391304347825,19.130434782608695,0.8695652173913043,1.0,0.043478260869565216,0.0,87.21739130434783,25.434782608695652
Pennsylvania,2021.0,234.21951219512195,180.3658536585366,51.707317073170735,2.0,0.14634146341463414,0.0,0.0,122.1219512195122,39.02439024390244
Puerto Rico,2021.0,117.1,99.1,16.8,0.8,0.1,0.2,0.1,99.6,18.7
Rhode Island,2021.0,242.33333333333334,200.66666666666666,38.666666666666664,3.0,0.0,0.0,0.0,139.66666666666666,38.666666666666664
South Carolina,2021.0,218.0,180.92857142857142,36.785714285714285,0.2857142857142857,0.0,0.0,0.0,90.71428571428571,38.285714285714285
South Dakota,2021.0,178.2,154.3,23.3,0.5,0.1,0.0,0.0,94.5,32.8
Tennessee,2021.0,189.91304347826087,158.1304347826087,31.08695652173913,0.6956521739130435,0.0,0.0,0.0,90.43478260869566,36.34782608695652
Texas,2021.0,222.22,180.06,39.06,2.72,0.36,0.02,0.0,105.86,32.76
Utah,2021.0,298.5,189.21428571428572,97.64285714285714,10.5,1.1428571428571428,0.0,0.0,144.07142857142858,46.785714285714285
Vermont,2021.0,181.66666666666666,156.33333333333334,25.333333333333332,0.0,0.0,0.0,0.0,84.0,39.0
Virgin Islands,2021.0,29.0,27.0,2.0,0.0,0.0,0.0,0.0,73.0,21.0
Virginia,2021.0,161.65625,144.5,16.78125,0.375,0.0,0.0,0.0,83.90625,32.25
Washington,2021.0,179.16666666666666,164.6,14.366666666666667,0.13333333333333333,0.06666666666666667,0.0,0.0,80.1,24.666666666666668
West Virginia,2021.0,227.8,194.4,33.2,0.2,0.0,0.0,0.0,86.46666666666667,34.0
Wisconsin,2021.0,157.9,123.1,33.4,1.4,0.0,0.0,0.0,100.1,37.8
Wyoming,2021.0,204.66666666666666,168.27777777777777,34.05555555555556,2.0555555555555554,0.2222222222222222,0.0,0.05555555555555555,137.11111111111111,33.77777777777778
Alabama,2020.0,296.93333333333334,249.13333333333333,47.46666666666667,0.3333333333333333,0.0,0.0,0.0,85.33333333333333,34.8
Alaska,2020.0,252.22222222222223,231.22222222222223,16.666666666666668,2.111111111111111,2.2222222222222223,0.0,0.0,76.11111111111111,15.88888888888889
Arizona,2020.0,361.9230769230769,242.53846153846155,94.23076923076923,13.307692307692308,5.846153846153846,5.769230769230769,0.23076923076923078,238.30769230769232,47.30769230769231
Arkansas,2020.0,251.63636363636363,225.0,26.09090909090909,0.5454545454545454,0.0,0.0,0.0,95.63636363636364,33.0
California,2020.0,363.2641509433962,218.79245283018867,105.39622641509433,21.81132075471698,14.20754716981132,2.056603773584906,1.0,287.1320754716981,48.0377358490566
Colorado,2020.0,287.32142857142856,217.14285714285714,63.785714285714285,5.75,0.6071428571428571,0.03571428571428571,0.0,117.17857142857143,34.785714285714285
Connecticut,2020.0,324.375,273.5,46.875,3.5,0.5,0.0,0.0,124.75,39.125
Country Of Mexico,2020.0,119.0,63.0,28.0,18.0,10.0,0.0,0.0,138.5,78.0
Delaware,2020.0,364.6666666666667,320.3333333333333,43.666666666666664,0.6666666666666666,0.0,0.0,0.0,90.66666666666667,38.0
District Of Columbia,2020.0,366.0,314.0,51.0,0.0,1.0,0.0,0.0,166.0,40.0
Florida,2020.0,361.0,318.5897435897436,41.64102564102564,0.5897435897435898,0.1794871794871795,0.0,0.0,102.71794871794872,35.05128205128205
Georgia,2020.0,291.62068965517244,254.82758620689654,36.13793103448276,0.6551724137931034,0.0,0.0,0.0,95.20689655172414,33.206896551724135
Hawaii,2020.0,360.75,354.0,4.0,0.5,2.0,0.25,0.0,105.0,17.5
Idaho,2020.0,341.9047619047619,284.4761904761905,49.76190476190476,3.5714285714285716,3.238095238095238,0.6190476190476191,0.23809523809523808,204.61904761904762,25.142857142857142
Illinois,2020.0,341.9259259259259,284.9259259259259,54.407407407407405,2.2962962962962963,0.2962962962962963,0.0,0.0,107.11111111111111,33.44444444444444
Indiana,2020.0,333.0,287.6388888888889,43.916666666666664,1.3055555555555556,0.1388888888888889,0.0,0.0,101.80555555555556,33.916666666666664
Iowa,2020.0,289.1875,242.9375,45.75,0.3125,0.1875,0.0,0.0,97.875,33.8125
Kansas,2020.0,330.1818181818182,282.45454545454544,45.90909090909091,1.6363636363636365,0.18181818181818182,0.0,0.0,109.63636363636364,31.545454545454547
Kentucky,2020.0,325.6296296296296,297.6666666666667,27.444444444444443,0.5185185185185185,0.0,0.0,0.0,87.51851851851852,34.44444444444444
Louisiana,2020.0,330.0,289.17391304347825,40.08695652173913,0.7391304347826086,0.0,0.0,0.0,99.34782608695652,32.608695652173914
Maine,2020.0,310.5,294.6,15.7,0.1,0.1,0.0,0.0,87.8,33.5
Maryland,2020.0,319.94117647058823,297.05882352941177,22.529411764705884,0.35294117647058826,0.0,0.0,0.0,83.52941176470588,33.23529411764706
Massachusetts,2020.0,363.84615384615387,330.0,33.38461538461539,0.46153846153846156,0.0,0.0,0.0,95.46153846153847,36.53846153846154
Michigan,2020.0,310.3333333333333,270.85185185185185,35.629629629629626,3.5925925925925926,0.25925925925925924,0.0,0.0,123.33333333333333,32.96296296296296
Minnesota,2020.0,336.0952380952381,311.7142857142857,23.952380952380953,0.3333333333333333,0.09523809523809523,0.0,0.0,94.38095238095238,28.904761904761905
Mississippi,2020.0,335.7,280.8,54.7,0.2,0.0,0.0,0.0,82.4,37.2
Missouri,2020.0,305.25,258.1666666666667,36.291666666666664,7.416666666666667,3.375,0.0,0.0,107.125,35.916666666666664
Montana,2020.0,300.63157894736844,256.36842105263156,39.0,2.736842105263158,2.263157894736842,0.21052631578947367,0.05263157894736842,149.68421052631578,25.94736842105263
Nebraska,2020.0,288.22222222222223,263.44444444444446,24.11111111111111,0.5555555555555556,0.1111111111111111,0.0,0.0,98.22222222222223,25.0
Nevada,2020.0,363.6666666666667,286.0,66.0,7.0,4.111111111111111,0.4444444444444444,0.1111111111111111,202.55555555555554,36.22222222222222
New Hampshire,2020.0,365.0,347.7142857142857,17.285714285714285,0.0,0.0,0.0,0.0,75.71428571428571,34.714285714285715
New Jersey,2020.0,342.5,297.8125,44.0625,0.625,0.0,0.0,0.0,97.875,36.9375
New Mexico,2020.0,279.375,216.3125,59.625,2.875,0.25,0.125,0.1875,128.75,32.375
New York,2020.0,360.42857142857144,330.57142857142856,28.678571428571427,1.1071428571428572,0.07142857142857142,0.0,0.0,92.35714285714286,32.82142857142857
North Carolina,2020.0,321.4736842105263,301.3421052631579,19.973684210526315,0.15789473684210525,0.0,0.0,0.0,79.05263157894737,31.05263157894737
North Dakota,2020.0,365.4,352.5,12.8,0.1,0.0,0.0,0.0,69.3,30.2
Ohio,2020.0,307.9318181818182,268.5,37.81818181818182,1.5454545454545454,0.06818181818181818,0.0,0.0,98.27272727272727,31.636363636363637
Oklahoma,2020.0,334.4,285.65,47.85,0.8,0.1,0.0,0.0,104.75,33.55
Oregon,2020.0,360.8695652173913,292.60869565217394,55.95652173913044,3.0,3.9565217391304346,1.7391304347826086,3.608695652173913,430.3478260869565,27.434782608695652
Pennsylvania,2020.0,357.3658536585366,313.2682926829268,42.97560975609756,1.0975609756097562,0.024390243902439025,0.0,0.0,98.1951219512195,35.75609756097561
Puerto Rico,2020.0,216.1818181818182,199.36363636363637,14.0,1.1818181818181819,1.1818181818181819,0.18181818181818182,0.2727272727272727,134.54545454545453,17.818181818181817
Rhode Island,2020.0,363.3333333333333,326.3333333333333,35.333333333333336,1.3333333333333333,0.3333333333333333,0.0,0.0,133.0,34.333333333333336
South Carolina,2020.0,299.3333333333333,277.53333333333336,21.333333333333332,0.4666666666666667,0.0,0.0,0.0,83.73333333333333,31.333333333333332
South Dakota,2020.0,364.5,324.4,39.7,0.4,0.0,0.0,0.0,95.4,33.1
Tennessee,2020.0,337.82608695652175,307.3478260869565,29.82608695652174,0.5652173913043478,0.08695652173913043,0.0,0.0,95.91304347826087,32.56521739130435
Texas,2020.0,347.65384615384613,285.9423076923077,57.09615384615385,4.134615384615385,0.4807692307692308,0.0,0.0,118.3076923076923,31.46153846153846
Utah,2020.0,345.3333333333333,264.06666666666666,76.26666666666667,4.466666666666667,0.5333333333333333,0.0,0.0,125.8,41.266666666666666
Vermont,2020.0,299.0,277.75,21.25,0.0,0.0,0.0,0.0,73.75,29.25
Virgin Islands,2020.0,76.0,68.0,8.0,0.0,0.0,0.0,0.0,78.66666666666667,20.0
Virginia,2020.0,265.3636363636364,255.42424242424244,9.666666666666666,0.18181818181818182,0.09090909090909091,0.0,0.0,68.45454545454545,27.606060606060606
Washington,2020.0,344.6774193548387,304.258064516129,31.741935483870968,1.5161290322580645,3.5483870967741935,2.225806451612903,1.3870967741935485,340.0967741935484,24.06451612903226
West Virginia,2020.0,291.25,277.1875,13.8125,0.25,0.0,0.0,0.0,78.75,26.25
Wisconsin,2020.0,300.2857142857143,259.85714285714283,37.82142857142857,2.392857142857143,0.21428571428571427,0.0,0.0,118.75,34.92857142857143
Wyoming,2020.0,344.05555555555554,295.27777777777777,44.94444444444444,2.888888888888889,0.8333333333333334,0.05555555555555555,0.05555555555555555,196.66666666666666,35.55555555555556
Alabama,2018.0,302.52941176470586,242.23529411764707,59.529411764705884,0.6470588235294118,0.11764705882352941,0.0,0.0,99.23529411764706,36.411764705882355
Alaska,2018.0,281.625,248.0,28.25,4.0,1.375,0.0,0.0,84.125,22.0
Arizona,2018.0,364.0769230769231,231.6153846153846,113.84615384615384,16.0,1.5384615384615385,0.46153846153846156,0.6153846153846154,200.53846153846155,44.92307692307692
Arkansas,2018.0,260.0,213.75,45.5,0.75,0.0,0.0,0.0,94.33333333333333,35.416666666666664
California,2018.0,359.20754716981133,206.56603773584905,118.37735849056604,23.20754716981132,9.69811320754717,1.1320754716981132,0.22641509433962265,231.11320754716982,48.79245283018868
Colorado,2018.0,293.969696969697,202.21212121212122,82.9090909090909,7.96969696969697,0.8181818181818182,0.06060606060606061,0.0,128.6060606060606,39.06060606060606
Connecticut,2018.0,319.0,264.875,46.0,7.0,1.125,0.0,0.0,144.0,37.625
Country Of Mexico,2018.0,257.0,166.5,69.5,15.5,5.0,0.0,0.5,244.0,55.5
Delaware,2018.0,365.0,288.3333333333333,72.66666666666667,4.0,0.0,0.0,0.0,141.0,40.0
District Of Columbia,2018.0,365.0,235.0,124.0,5.0,1.0,0.0,0.0,164.0,44.0
Florida,2018.0,357.7435897435897,315.56410256410254,41.282051282051285,0.8461538461538461,0.05128205128205128,0.0,0.0,101.97435897435898,34.69230769230769
Georgia,2018.0,286.58620689655174,236.44827586206895,49.310344827586206,0.8275862068965517,0.0,0.0,0.0,94.89655172413794,34.793103448275865
Hawaii,2018.0,361.5,300.5,18.5,16.5,24.75,1.25,0.0,111.25,37.75
Idaho,2018.0,343.4761904761905,280.76190476190476,57.19047619047619,4.571428571428571,0.8571428571428571,0.09523809523809523,0.0,146.0952380952381,26.19047619047619
Illinois,2018.0,344.9259259259259,270.14814814814815,70.92592592592592,3.4814814814814814,0.37037037037037035,0.0,0.0,113.07407407407408,35.074074074074076
Indiana,2018.0,336.6,281.1,52.5,2.9,0.1,0.0,0.0,110.425,33.625
Iowa,2018.0,288.3125,213.5625,73.6875,1.0625,0.0,0.0,0.0,97.1875,38.1875
Kansas,2018.0,339.0,283.54545454545456,55.0,0.36363636363636365,0.09090909090909091,0.0,0.0,104.72727272727273,32.63636363636363
Kentucky,2018.0,317.18518518518516,262.6296296296296,53.44444444444444,1.0,0.1111111111111111,0.0,0.0,101.51851851851852,37.888888888888886
Louisiana,2018.0,331.5217391304348,274.7391304347826,55.04347826086956,1.6956521739130435,0.043478260869565216,0.0,0.0,104.0,33.65217391304348
Maine,2018.0,332.0,304.3,27.0,0.5,0.2,0.0,0.0,113.8,35.0
Maryland,2018.0,331.7647058823529,263.52941176470586,63.411764705882355,4.529411764705882,0.29411764705882354,0.0,0.0,126.6470588235294,37.64705882352941
Massachusetts,2018.0,363.0769230769231,310.3076923076923,50.07692307692308,2.6923076923076925,0.0,0.0,0.0,117.23076923076923,36.92307692307692
Michigan,2018.0,307.25,256.92857142857144,46.25,3.857142857142857,0.21428571428571427,0.0,0.0,121.39285714285714,35.42857142857143
Minnesota,2018.0,329.6666666666667,279.1904761904762,49.80952380952381,0.6666666666666666,0.0,0.0,0.0,99.85714285714286,32.0
Mississippi,2018.0,309.1818181818182,253.45454545454547,54.54545454545455,1.0909090909090908,0.09090909090909091,0.0,0.0,105.36363636363636,36.54545454545455
Missouri,2018.0,309.125,252.0,52.208333333333336,3.7916666666666665,1.125,0.0,0.0,111.45833333333333,34.125
Montana,2018.0,309.89473684210526,253.73684210526315,50.73684210526316,4.052631578947368,1.368421052631579,0.0,0.0,140.42105263157896,29.42105263157895
Nebraska,2018.0,247.77777777777777,217.77777777777777,29.555555555555557,0.4444444444444444,0.0,0.0,0.0,82.0,27.555555555555557
Nevada,2018.0,357.44444444444446,265.22222222222223,80.11111111111111,11.222222222222221,0.7777777777777778,0.1111111111111111,0.0,140.0,37.0
New Hampshire,2018.0,339.85714285714283,312.2857142857143,26.714285714285715,0.8571428571428571,0.0,0.0,0.0,95.42857142857143,35.285714285714285
New Jersey,2018.0,344.0625,268.5,70.875,4.1875,0.5,0.0,0.0,140.125,38.4375
New Mexico,2018.0,285.625,200.6875,77.5,6.9375,0.5,0.0,0.0,107.625,33.1875
New York,2018.0,351.93548387096774,309.2258064516129,39.29032258064516,3.225806451612903,0.16129032258064516,0.03225806451612903,0.0,115.6774193548387,31.193548387096776
North Carolina,2018.0,302.5,255.57894736842104,45.76315789473684,1.0,0.15789473684210525,0.0,0.0,92.28947368421052,35.5
North Dakota,2018.0,360.1,311.1,47.2,1.6,0.2,0.0,0.0,113.4,35.6
Ohio,2018.0,320.85714285714283,259.0,59.357142857142854,2.4523809523809526,0.047619047619047616,0.0,0.0,107.64285714285714,34.73809523809524
Oklahoma,2018.0,320.84615384615387,256.96153846153845,60.84615384615385,2.923076923076923,0.11538461538461539,0.0,0.0,120.5,35.84615384615385
Oregon,2018.0,342.5217391304348,274.39130434782606,57.30434782608695,6.0,4.478260869565218,0.34782608695652173,0.0,164.43478260869566,29.130434782608695
Pennsylvania,2018.0,349.75,279.625,67.475,2.525,0.125,0.0,0.0,112.475,36.975
Puerto Rico,2018.0,238.375,191.0,44.5,2.0,0.875,0.0,0.0,92.375,22.875
Rhode Island,2018.0,360.0,309.3333333333333,44.333333333333336,6.333333333333333,0.0,0.0,0.0,134.0,35.0
South Carolina,2018.0,324.27777777777777,291.05555555555554,32.94444444444444,0.2777777777777778,0.0,0.0,0.0,84.77777777777777,34.166666666666664
South Dakota,2018.0,339.2,297.5,40.3,1.3,0.0,0.0,0.1,135.0,32.1
Tennessee,2018.0,339.7391304347826,286.7391304347826,51.26086956521739,1.6956521739130435,0.043478260869565216,0.0,0.0,97.91304347826087,35.17391304347826
Texas,2018.0,347.265306122449,277.9183673469388,61.44897959183673,7.122448979591836,0.7346938775510204,0.04081632653061224,0.0,128.89795918367346,31.959183673469386
Utah,2018.0,347.8,214.13333333333333,122.6,10.133333333333333,0.9333333333333333,0.0,0.0,131.13333333333333,44.266666666666666
Vermont,2018.0,303.0,269.25,33.5,0.25,0.0,0.0,0.0,82.75,29.75
Virgin Islands,2018.0,69.0,58.0,10.666666666666666,0.3333333333333333,0.0,0.0,0.0,74.66666666666667,24.333333333333332
Virginia,2018.0,268.70588235294116,243.58823529411765,24.823529411764707,0.29411764705882354,0.0,0.0,0.0,80.17647058823529,28.470588235294116
Washington,2018.0,355.73333333333335,295.8,49.733333333333334,5.366666666666666,4.4,0.36666666666666664,0.06666666666666667,196.2,26.1
West Virginia,2018.0,306.875,274.875,30.125,1.3125,0.5625,0.0,0.0,98.1875,28.5625
Wisconsin,2018.0,314.4642857142857,259.14285714285717,52.07142857142857,2.7857142857142856,0.4642857142857143,0.0,0.0,123.64285714285714,37.92857142857143
Wyoming,2018.0,331.05555555555554,256.6111111111111,72.88888888888889,1.3888888888888888,0.16666666666666666,0.0,0.0,107.77777777777777,39.55555555555556
Alabama,2019.0,298.11764705882354,236.1764705882353,60.705882352941174,1.2352941176470589,0.0,0.0,0.0,88.82352941176471,38.64705882352941
Alaska,2019.0,275.44444444444446,236.33333333333334,32.77777777777778,3.4444444444444446,2.3333333333333335,0.1111111111111111,0.4444444444444444,146.33333333333334,19.22222222222222
Arizona,2019.0,363.61538461538464,251.69230769230768,101.53846153846153,9.0,0.6153846153846154,0.23076923076923078,0.5384615384615384,165.6153846153846,42.76923076923077
Arkansas,2019.0,237.53846153846155,197.92307692307693,39.46153846153846,0.15384615384615385,0.0,0.0,0.0,83.61538461538461,36.15384615384615
California,2019.0,359.6792452830189,247.9056603773585,95.33962264150944,13.264150943396226,2.660377358490566,0.22641509433962265,0.2830188679245283,226.26415094339623,43.83018867924528
Colorado,2019.0,287.25,221.25,63.964285714285715,1.9642857142857142,0.07142857142857142,0.0,0.0,95.03571428571429,34.07142857142857
Connecticut,2019.0,325.125,276.75,40.875,6.75,0.75,0.0,0.0,131.625,39.5
Country Of Mexico,2019.0,195.0,146.5,42.0,6.5,0.0,0.0,0.0,135.0,57.5
Delaware,2019.0,365.0,283.6666666666667,80.33333333333333,1.0,0.0,0.0,0.0,104.0,42.333333333333336
District Of Columbia,2019.0,365.0,242.0,118.0,4.0,1.0,0.0,0.0,157.0,44.0
Florida,2019.0,353.28205128205127,312.79487179487177,39.97435897435897,0.5128205128205128,0.0,0.0,0.0,92.94871794871794,35.69230769230769
Georgia,2019.0,294.6551724137931,225.58620689655172,67.51724137931035,1.4482758620689655,0.10344827586206896,0.0,0.0,105.37931034482759,38.55172413793103
Hawaii,2019.0,364.25,351.5,11.75,0.75,0.25,0.0,0.0,102.5,18.25
Idaho,2019.0,344.8095238095238,304.04761904761904,39.476190476190474,1.1428571428571428,0.14285714285714285,0.0,0.0,92.33333333333333,23.80952380952381
Illinois,2019.0,336.5925925925926,269.3703703703704,66.03703703703704,1.0740740740740742,0.1111111111111111,0.0,0.0,98.14814814814815,35.51851851851852
Indiana,2019.0,332.675,282.05,50.025,0.6,0.0,0.0,0.0,86.65,34.5
Iowa,2019.0,288.125,235.5625,52.4375,0.125,0.0,0.0,0.0,85.25,34.4375
Kansas,2019.0,335.72727272727275,299.0,36.36363636363637,0.2727272727272727,0.09090909090909091,0.0,0.0,100.54545454545455,32.0
Kentucky,2019.0,322.81481481481484,280.1111111111111,42.148148148148145,0.5555555555555556,0.0,0.0,0.0,83.44444444444444,38.22222222222222
Louisiana,2019.0,330.3478260869565,278.3478260869565,51.391304347826086,0.6086956521739131,0.0,0.0,0.0,91.56521739130434,34.391304347826086
Maine,2019.0,332.0,314.7,16.9,0.3,0.1,0.0,0.0,92.8,33.7
Maryland,2019.0,332.11764705882354,274.29411764705884,54.411764705882355,3.3529411764705883,0.058823529411764705,0.0,0.0,111.29411764705883,38.0
Massachusetts,2019.0,362.61538461538464,328.15384615384613,34.07692307692308,0.38461538461538464,0.0,0.0,0.0,96.0,37.53846153846154
Michigan,2019.0,301.32142857142856,262.75,37.714285714285715,0.8571428571428571,0.0,0.0,0.0,90.82142857142857,34.32142857142857
Minnesota,2019.0,335.04761904761904,299.4761904761905,35.142857142857146,0.3333333333333333,0.09523809523809523,0.0,0.0,101.9047619047619,29.285714285714285
Mississippi,2019.0,337.8,279.4,58.2,0.2,0.0,0.0,0.0,92.1,38.6
Missouri,2019.0,308.375,254.70833333333334,41.916666666666664,6.666666666666667,5.083333333333333,0.0,0.0,94.91666666666667,38.833333333333336
Montana,2019.0,308.42105263157896,272.42105263157896,35.421052631578945,0.47368421052631576,0.10526315789473684,0.0,0.0,94.63157894736842,26.31578947368421
Nebraska,2019.0,245.88888888888889,228.11111111111111,17.77777777777778,0.0,0.0,0.0,0.0,68.88888888888889,24.555555555555557
Nevada,2019.0,361.3333333333333,303.1111111111111,57.44444444444444,0.7777777777777778,0.0,0.0,0.0,93.0,34.0
New Hampshire,2019.0,352.14285714285717,339.7142857142857,12.285714285714286,0.14285714285714285,0.0,0.0,0.0,77.28571428571429,34.142857142857146
New Jersey,2019.0,344.625,274.5,68.5625,1.5625,0.0,0.0,0.0,114.5,39.4375
New Mexico,2019.0,283.0625,210.5,69.1875,2.75,0.3125,0.125,0.1875,149.6875,31.1875
New York,2019.0,348.1290322580645,318.93548387096774,28.161290322580644,1.032258064516129,0.0,0.0,0.0,81.7741935483871,31.741935483870968
North Carolina,2019.0,310.0,262.1842105263158,47.36842105263158,0.4473684210526316,0.0,0.0,0.0,84.42105263157895,36.44736842105263
North Dakota,2019.0,364.7,340.3,23.9,0.4,0.1,0.0,0.0,93.1,32.9
Ohio,2019.0,324.0238095238095,267.3333333333333,55.523809523809526,1.1666666666666667,0.0,0.0,0.0,92.73809523809524,35.5
Oklahoma,2019.0,309.95652173913044,258.7391304347826,50.73913043478261,0.43478260869565216,0.043478260869565216,0.0,0.0,93.56521739130434,33.95652173913044
Oregon,2019.0,345.5,290.0416666666667,53.5,1.6666666666666667,0.2916666666666667,0.0,0.0,106.25,26.708333333333332
Pennsylvania,2019.0,352.5853658536585,293.780487804878,57.048780487804876,1.5853658536585367,0.17073170731707318,0.0,0.0,102.58536585365853,37.73170731707317
Puerto Rico,2019.0,265.9,229.3,34.1,2.4,0.1,0.0,0.0,98.0,19.4
Rhode Island,2019.0,356.0,316.0,39.333333333333336,0.6666666666666666,0.0,0.0,0.0,103.0,37.0
South Carolina,2019.0,290.44444444444446,230.77777777777777,58.77777777777778,0.8888888888888888,0.0,0.0,0.0,95.16666666666667,37.888888888888886
South Dakota,2019.0,338.6,305.9,31.7,1.0,0.0,0.0,0.0,89.5,31.2
Tennessee,2019.0,343.82608695652175,290.5652173913044,52.0,1.2608695652173914,0.0,0.0,0.0,85.08695652173913,36.0
Texas,2019.0,352.5625,285.0,62.270833333333336,4.958333333333333,0.3125,0.020833333333333332,0.0,113.6875,33.395833333333336
Utah,2019.0,339.46666666666664,255.2,79.46666666666667,4.2,0.5333333333333333,0.06666666666666667,0.0,114.33333333333333,42.2
Vermont,2019.0,299.75,276.5,23.25,0.0,0.0,0.0,0.0,75.5,29.0
Virgin Islands,2019.0,142.0,123.0,19.0,0.0,0.0,0.0,0.0,78.66666666666667,21.0
Virginia,2019.0,269.97058823529414,248.88235294117646,20.794117647058822,0.29411764705882354,0.0,0.0,0.0,76.73529411764706,30.558823529411764
Washington,2019.0,353.5483870967742,309.80645161290323,42.83870967741935,0.9032258064516129,0.0,0.0,0.0,87.3225806451613,25.193548387096776
West Virginia,2019.0,304.1875,279.875,23.0625,1.1875,0.0625,0.0,0.0,87.125,29.75
Wisconsin,2019.0,300.9642857142857,262.82142857142856,37.464285714285715,0.6785714285714286,0.0,0.0,0.0,97.60714285714286,34.92857142857143
Wyoming,2019.0,344.22222222222223,297.8888888888889,45.111111111111114,1.0555555555555556,0.16666666666666666,0.0,0.0,101.5,38.833333333333336
Alabama,2014.0,260.44444444444446,213.44444444444446,46.111111111111114,0.8888888888888888,0.0,0.0,0.0,93.33333333333333,38.166666666666664
Alaska,2014.0,274.25,218.25,43.625,5.875,6.25,0.25,0.0,133.0,23.375
Arizona,2014.0,357.3076923076923,217.15384615384616,115.76923076923077,19.46153846153846,3.5384615384615383,0.46153846153846156,0.9230769230769231,207.53846153846155,46.23076923076923
Arkansas,2014.0,272.3636363636364,230.27272727272728,41.81818181818182,0.2727272727272727,0.0,0.0,0.0,89.63636363636364,33.36363636363637
California,2014.0,344.462962962963,193.8148148148148,121.05555555555556,23.77777777777778,5.388888888888889,0.18518518518518517,0.24074074074074073,210.62962962962962,48.888888888888886
Colorado,2014.0,302.26666666666665,234.83333333333334,64.3,2.8666666666666667,0.23333333333333334,0.03333333333333333,0.0,105.03333333333333,36.6
Connecticut,2014.0,316.125,235.5,73.625,6.625,0.375,0.0,0.0,132.25,41.875
Country Of Mexico,2014.0,132.5,110.5,15.5,4.0,2.5,0.0,0.0,126.0,48.0
Delaware,2014.0,364.6666666666667,253.66666666666666,106.33333333333333,4.0,0.6666666666666666,0.0,0.0,121.66666666666667,44.666666666666664
District Of Columbia,2014.0,365.0,225.0,136.0,4.0,0.0,0.0,0.0,140.0,47.0
Florida,2014.0,357.53846153846155,305.46153846153845,50.794871794871796,1.2307692307692308,0.05128205128205128,0.0,0.0,103.15384615384616,36.23076923076923
Georgia,2014.0,294.5,210.1875,82.875,1.40625,0.03125,0.0,0.0,104.625,41.03125
Hawaii,2014.0,351.25,258.5,25.0,35.0,32.5,0.25,0.0,151.5,48.75
Idaho,2014.0,332.54545454545456,282.54545454545456,45.36363636363637,4.181818181818182,0.45454545454545453,0.0,0.0,123.63636363636364,25.09090909090909
Illinois,2014.0,327.53846153846155,267.03846153846155,57.80769230769231,2.5384615384615383,0.15384615384615385,0.0,0.0,105.3076923076923,34.38461538461539
Indiana,2014.0,279.15555555555557,202.42222222222222,73.26666666666667,3.311111111111111,0.15555555555555556,0.0,0.0,110.26666666666667,37.28888888888889
Iowa,2014.0,292.63157894736844,208.1578947368421,80.21052631578948,3.9473684210526314,0.3157894736842105,0.0,0.0,104.10526315789474,37.68421052631579
Kansas,2014.0,285.6666666666667,237.75,46.75,1.0833333333333333,0.08333333333333333,0.0,0.0,100.83333333333333,32.416666666666664
Kentucky,2014.0,305.6551724137931,246.58620689655172,57.62068965517241,1.4137931034482758,0.034482758620689655,0.0,0.0,95.89655172413794,38.58620689655172
Louisiana,2014.0,335.1363636363636,260.1363636363636,72.36363636363636,2.5454545454545454,0.09090909090909091,0.0,0.0,113.77272727272727,38.36363636363637
Maine,2014.0,306.1818181818182,279.0,26.636363636363637,0.5454545454545454,0.0,0.0,0.0,93.27272727272727,33.90909090909091
Maryland,2014.0,310.625,228.75,80.4375,1.4375,0.0,0.0,0.0,107.25,43.0625
Massachusetts,2014.0,361.38461538461536,296.7692307692308,64.3076923076923,0.3076923076923077,0.0,0.0,0.0,95.23076923076923,38.46153846153846
Michigan,2014.0,282.32142857142856,220.96428571428572,58.607142857142854,2.7142857142857144,0.03571428571428571,0.0,0.0,111.21428571428571,37.464285714285715
Minnesota,2014.0,313.04761904761904,268.95238095238096,43.80952380952381,0.2857142857142857,0.0,0.0,0.0,92.85714285714286,31.761904761904763
Mississippi,2014.0,307.6,251.4,54.5,1.6,0.1,0.0,0.0,102.9,38.3
Missouri,2014.0,293.59090909090907,218.0,71.36363636363636,4.2272727272727275,0.0,0.0,0.0,109.18181818181819,39.09090909090909
Montana,2014.0,307.0,259.10526315789474,45.26315789473684,2.473684210526316,0.15789473684210525,0.0,0.0,114.73684210526316,27.263157894736842
Nebraska,2014.0,201.36363636363637,175.0,26.0,0.36363636363636365,0.0,0.0,0.0,82.45454545454545,25.545454545454547
Nevada,2014.0,327.8888888888889,235.55555555555554,87.33333333333333,3.7777777777777777,0.6666666666666666,0.0,0.5555555555555556,213.88888888888889,41.0
New Hampshire,2014.0,343.2857142857143,291.7142857142857,50.42857142857143,1.1428571428571428,0.0,0.0,0.0,106.42857142857143,37.42857142857143
New Jersey,2014.0,340.3125,271.5625,65.4375,3.1875,0.125,0.0,0.0,126.25,39.625
New Mexico,2014.0,286.3529411764706,229.41176470588235,55.05882352941177,1.3529411764705883,0.29411764705882354,0.17647058823529413,0.058823529411764705,111.11764705882354,33.05882352941177
New York,2014.0,357.17241379310343,312.44827586206895,43.793103448275865,0.8620689655172413,0.06896551724137931,0.0,0.0,103.6896551724138,35.10344827586207
North Carolina,2014.0,292.3404255319149,233.9787234042553,58.06382978723404,0.2978723404255319,0.0,0.0,0.0,91.17021276595744,38.59574468085106
North Dakota,2014.0,364.55555555555554,336.8888888888889,25.555555555555557,1.7777777777777777,0.2222222222222222,0.1111111111111111,0.0,124.11111111111111,35.0
Ohio,2014.0,315.9512195121951,237.09756097560975,75.92682926829268,2.8292682926829267,0.0975609756097561,0.0,0.0,111.53658536585365,37.63414634146341
Oklahoma,2014.0,336.45454545454544,262.77272727272725,72.36363636363636,1.2727272727272727,0.045454545454545456,0.0,0.0,106.5,38.90909090909091
Oregon,2014.0,345.5217391304348,290.17391304347825,51.95652173913044,2.782608695652174,0.6086956521739131,0.0,0.0,127.21739130434783,27.695652173913043
Pennsylvania,2014.0,359.46153846153845,252.76923076923077,103.07692307692308,3.4871794871794872,0.1282051282051282,0.0,0.0,112.46153846153847,42.23076923076923
Puerto Rico,2014.0,224.23076923076923,215.30769230769232,8.76923076923077,0.0,0.07692307692307693,0.07692307692307693,0.0,75.6923076923077,16.76923076923077
Rhode Island,2014.0,364.3333333333333,317.6666666666667,45.666666666666664,1.0,0.0,0.0,0.0,106.33333333333333,37.0
South Carolina,2014.0,293.5263157894737,244.10526315789474,49.10526315789474,0.2631578947368421,0.05263157894736842,0.0,0.0,91.10526315789474,37.73684210526316
South Dakota,2014.0,336.22222222222223,301.3333333333333,34.55555555555556,0.3333333333333333,0.0,0.0,0.0,90.88888888888889,33.22222222222222
Tennessee,2014.0,277.2916666666667,219.95833333333334,55.166666666666664,2.1666666666666665,0.0,0.0,0.0,94.45833333333333,38.25
Texas,2014.0,340.0232558139535,265.6279069767442,71.93023255813954,2.302325581395349,0.16279069767441862,0.0,0.0,110.44186046511628,37.76744186046512
Utah,2014.0,333.1333333333333,251.2,76.26666666666667,5.2,0.4666666666666667,0.0,0.0,117.0,41.4
Vermont,2014.0,303.0,260.0,42.25,0.75,0.0,0.0,0.0,84.5,29.0
Virgin Islands,2014.0,78.5,63.5,15.0,0.0,0.0,0.0,0.0,85.0,34.0
Virginia,2014.0,261.0,230.42857142857142,30.228571428571428,0.3142857142857143,0.02857142857142857,0.0,0.0,78.85714285714286,31.885714285714286
Washington,2014.0,343.3448275862069,300.55172413793105,40.96551724137931,1.5517241379310345,0.27586206896551724,0.0,0.0,104.82758620689656,25.17241379310345
West Virginia,2014.0,281.0,233.66666666666666,46.93333333333333,0.4,0.0,0.0,0.0,91.53333333333333,34.93333333333333
Wisconsin,2014.0,294.77777777777777,238.03703703703704,52.51851851851852,4.148148148148148,0.07407407407407407,0.0,0.0,115.14814814814815,37.18518518518518
Wyoming,2014.0,310.36842105263156,266.1578947368421,43.31578947368421,0.5789473684210527,0.3157894736842105,0.0,0.0,95.26315789473684,35.10526315789474
Alabama,2015.0,287.27777777777777,217.77777777777777,68.27777777777777,1.0555555555555556,0.16666666666666666,0.0,0.0,105.72222222222223,39.333333333333336
Alaska,2015.0,255.625,205.875,40.5,3.75,5.125,0.375,0.0,99.125,23.125
Arizona,2015.0,359.2307692307692,242.76923076923077,98.46153846153847,14.692307692307692,2.4615384615384617,0.07692307692307693,0.7692307692307693,179.15384615384616,43.61538461538461
Arkansas,2015.0,270.6363636363636,231.0,39.45454545454545,0.18181818181818182,0.0,0.0,0.0,84.9090909090909,32.45454545454545
California,2015.0,344.2037037037037,197.6851851851852,120.31481481481481,21.09259259259259,4.574074074074074,0.24074074074074073,0.2962962962962963,242.46296296296296,49.425925925925924
Colorado,2015.0,289.96774193548384,225.5483870967742,60.87096774193548,3.3225806451612905,0.16129032258064516,0.06451612903225806,0.0,109.48387096774194,35.45161290322581
Connecticut,2015.0,317.625,234.125,71.75,10.5,1.25,0.0,0.0,149.5,41.0
Country Of Mexico,2015.0,56.0,8.0,34.0,10.0,4.0,0.0,0.0,174.0,73.0
Delaware,2015.0,365.0,252.0,108.66666666666667,4.0,0.3333333333333333,0.0,0.0,129.0,43.666666666666664
District Of Columbia,2015.0,365.0,217.0,143.0,5.0,0.0,0.0,0.0,126.0,47.0
Florida,2015.0,359.6923076923077,320.7435897435897,38.38461538461539,0.5641025641025641,0.0,0.0,0.0,87.02564102564102,34.51282051282051
Georgia,2015.0,295.28125,230.625,63.46875,1.0,0.15625,0.03125,0.0,111.4375,37.8125
Hawaii,2015.0,364.25,259.25,29.0,38.25,37.0,0.75,0.0,106.25,52.25
Idaho,2015.0,284.0,236.47619047619048,39.476190476190474,5.428571428571429,2.2857142857142856,0.2857142857142857,0.047619047619047616,156.0,23.857142857142858
Illinois,2015.0,331.03846153846155,274.03846153846155,55.42307692307692,1.5,0.07692307692307693,0.0,0.0,101.61538461538461,34.76923076923077
Indiana,2015.0,283.6222222222222,218.95555555555555,62.71111111111111,1.8,0.15555555555555556,0.0,0.0,105.73333333333333,35.17777777777778
Iowa,2015.0,293.7894736842105,222.89473684210526,69.52631578947368,1.2105263157894737,0.15789473684210525,0.0,0.0,105.3157894736842,36.1578947368421
Kansas,2015.0,310.90909090909093,267.90909090909093,42.54545454545455,0.45454545454545453,0.0,0.0,0.0,97.0,32.27272727272727
Kentucky,2015.0,310.7857142857143,254.5,54.535714285714285,1.6071428571428572,0.14285714285714285,0.0,0.0,101.75,38.785714285714285
Louisiana,2015.0,315.22727272727275,251.0909090909091,62.09090909090909,1.9090909090909092,0.13636363636363635,0.0,0.0,109.36363636363636,36.72727272727273
Maine,2015.0,298.4166666666667,261.5833333333333,36.166666666666664,0.6666666666666666,0.0,0.0,0.0,98.83333333333333,32.75
Maryland,2015.0,315.4375,219.875,91.875,3.5,0.1875,0.0,0.0,124.9375,43.4375
Massachusetts,2015.0,352.15384615384613,294.15384615384613,56.0,1.9230769230769231,0.07692307692307693,0.0,0.0,119.0,36.23076923076923
Michigan,2015.0,289.7142857142857,232.85714285714286,54.32142857142857,2.4285714285714284,0.10714285714285714,0.0,0.0,116.35714285714286,36.67857142857143
Minnesota,2015.0,316.9047619047619,281.3333333333333,34.523809523809526,1.0,0.047619047619047616,0.0,0.0,110.38095238095238,31.428571428571427
Mississippi,2015.0,295.8181818181818,249.27272727272728,46.36363636363637,0.18181818181818182,0.0,0.0,0.0,87.0,35.63636363636363
Missouri,2015.0,292.7391304347826,235.91304347826087,54.130434782608695,2.608695652173913,0.08695652173913043,0.0,0.0,100.91304347826087,35.82608695652174
Montana,2015.0,309.89473684210526,254.73684210526315,46.1578947368421,4.526315789473684,4.315789473684211,0.15789473684210525,0.0,175.73684210526315,28.473684210526315
Nebraska,2015.0,209.0,182.0909090909091,26.454545454545453,0.45454545454545453,0.0,0.0,0.0,84.36363636363636,26.09090909090909
Nevada,2015.0,336.3333333333333,250.88888888888889,79.66666666666667,5.333333333333333,0.4444444444444444,0.0,0.0,133.22222222222223,39.55555555555556
New Hampshire,2015.0,341.7142857142857,293.7142857142857,46.142857142857146,1.7142857142857142,0.14285714285714285,0.0,0.0,119.14285714285714,37.42857142857143
New Jersey,2015.0,341.875,257.4375,77.625,6.5625,0.25,0.0,0.0,132.8125,39.625
New Mexico,2015.0,273.1764705882353,221.41176470588235,50.64705882352941,1.0,0.11764705882352941,0.0,0.0,83.11764705882354,28.470588235294116
New York,2015.0,353.86206896551727,297.55172413793105,53.62068965517241,2.689655172413793,0.0,0.0,0.0,111.72413793103448,35.724137931034484
North Carolina,2015.0,280.4888888888889,227.73333333333332,52.28888888888889,0.4666666666666667,0.0,0.0,0.0,87.44444444444444,37.733333333333334
North Dakota,2015.0,364.9,319.9,38.5,5.0,1.5,0.0,0.0,150.0,33.1
Ohio,2015.0,317.390243902439,244.1951219512195,70.3170731707317,2.8292682926829267,0.04878048780487805,0.0,0.0,109.73170731707317,36.73170731707317
Oklahoma,2015.0,305.7826086956522,257.5217391304348,47.91304347826087,0.30434782608695654,0.043478260869565216,0.0,0.0,96.95652173913044,35.56521739130435
Oregon,2015.0,345.95652173913044,282.6521739130435,56.47826086956522,4.478260869565218,2.3043478260869565,0.043478260869565216,0.0,165.47826086956522,28.869565217391305
Pennsylvania,2015.0,361.13157894736844,248.71052631578948,107.44736842105263,4.7894736842105265,0.18421052631578946,0.0,0.0,118.97368421052632,42.21052631578947
Puerto Rico,2015.0,271.0,254.9090909090909,15.636363636363637,0.2727272727272727,0.18181818181818182,0.0,0.0,92.45454545454545,18.181818181818183
Rhode Island,2015.0,361.0,286.3333333333333,69.66666666666667,4.0,1.0,0.0,0.0,161.0,39.666666666666664
South Carolina,2015.0,295.63157894736844,258.2105263157895,37.21052631578947,0.21052631578947367,0.0,0.0,0.0,84.36842105263158,35.89473684210526
South Dakota,2015.0,338.7,293.9,43.1,1.6,0.1,0.0,0.0,120.4,33.3
Tennessee,2015.0,264.4166666666667,216.20833333333334,46.708333333333336,1.5,0.0,0.0,0.0,91.375,36.333333333333336
Texas,2015.0,349.8536585365854,273.8536585365854,70.04878048780488,5.195121951219512,0.7317073170731707,0.024390243902439025,0.0,122.36585365853658,37.19512195121951
Utah,2015.0,341.42857142857144,250.28571428571428,85.0,5.857142857142857,0.2857142857142857,0.0,0.0,126.64285714285714,40.5
Vermont,2015.0,301.75,256.0,45.0,0.75,0.0,0.0,0.0,95.0,29.0
Virgin Islands,2015.0,73.5,56.5,17.0,0.0,0.0,0.0,0.0,79.5,37.5
Virginia,2015.0,261.0857142857143,228.22857142857143,32.34285714285714,0.5142857142857142,0.0,0.0,0.0,79.91428571428571,32.22857142857143
Washington,2015.0,345.9310344827586,292.86206896551727,48.13793103448276,3.6206896551724137,1.0344827586206897,0.06896551724137931,0.20689655172413793,152.6551724137931,27.17241379310345
West Virginia,2015.0,280.46666666666664,234.06666666666666,45.2,1.1333333333333333,0.06666666666666667,0.0,0.0,100.6,34.46666666666667
Wisconsin,2015.0,291.7857142857143,245.85714285714286,42.67857142857143,3.1785714285714284,0.07142857142857142,0.0,0.0,110.39285714285714,36.32142857142857
Wyoming,2015.0,309.42105263157896,262.57894736842104,45.68421052631579,0.9473684210526315,0.21052631578947367,0.0,0.0,110.26315789473684,34.78947368421053
Alabama,2017.0,293.1111111111111,232.77777777777777,59.05555555555556,1.1666666666666667,0.05555555555555555,0.05555555555555555,0.0,104.66666666666667,38.27777777777778
Alaska,2017.0,285.14285714285717,245.42857142857142,32.285714285714285,4.428571428571429,3.0,0.0,0.0,92.0,22.0
Arizona,2017.0,362.0,220.07692307692307,118.84615384615384,20.076923076923077,2.769230769230769,0.15384615384615385,0.07692307692307693,150.69230769230768,47.23076923076923
Arkansas,2017.0,274.72727272727275,226.0,48.54545454545455,0.18181818181818182,0.0,0.0,0.0,84.0909090909091,37.09090909090909
California,2017.0,357.3207547169811,205.30188679245282,118.60377358490567,24.867924528301888,6.981132075471698,1.0377358490566038,0.5283018867924528,288.3018867924528,49.0188679245283
Colorado,2017.0,292.84375,216.28125,73.125,3.34375,0.09375,0.0,0.0,99.5,36.4375
Connecticut,2017.0,322.625,271.75,43.875,5.625,1.375,0.0,0.0,151.5,38.25
Country Of Mexico,2017.0,285.0,138.5,108.5,25.5,11.0,1.0,0.5,280.0,50.0
Delaware,2017.0,363.6666666666667,284.3333333333333,75.0,4.333333333333333,0.0,0.0,0.0,122.33333333333333,41.333333333333336
District Of Columbia,2017.0,365.0,179.0,182.0,4.0,0.0,0.0,0.0,119.0,51.0
Florida,2017.0,355.5897435897436,307.1794871794872,47.30769230769231,1.1025641025641026,0.0,0.0,0.0,105.84615384615384,36.8974358974359
Georgia,2017.0,276.7741935483871,225.1290322580645,51.03225806451613,0.5161290322580645,0.06451612903225806,0.0,0.03225806451612903,107.09677419354838,37.12903225806452
Hawaii,2017.0,364.25,266.25,22.75,33.0,41.75,0.5,0.0,127.0,52.5
Idaho,2017.0,334.3809523809524,262.04761904761904,59.904761904761905,8.238095238095237,3.0476190476190474,1.0952380952380953,0.047619047619047616,200.38095238095238,27.38095238095238
Illinois,2017.0,342.53846153846155,276.11538461538464,63.80769230769231,2.576923076923077,0.038461538461538464,0.0,0.0,105.65384615384616,36.23076923076923
Indiana,2017.0,301.390243902439,253.0487804878049,46.926829268292686,1.3902439024390243,0.024390243902439025,0.0,0.0,97.39024390243902,35.51219512195122
Iowa,2017.0,277.6111111111111,210.11111111111111,67.33333333333333,0.16666666666666666,0.0,0.0,0.0,85.22222222222223,35.77777777777778
Kansas,2017.0,329.45454545454544,289.6363636363636,39.54545454545455,0.18181818181818182,0.09090909090909091,0.0,0.0,93.9090909090909,32.63636363636363
Kentucky,2017.0,313.2142857142857,262.85714285714283,49.785714285714285,0.5714285714285714,0.0,0.0,0.0,91.75,39.07142857142857
Louisiana,2017.0,329.6521739130435,281.30434782608694,47.26086956521739,1.0869565217391304,0.0,0.0,0.0,102.78260869565217,34.95652173913044
Maine,2017.0,323.27272727272725,293.27272727272725,28.636363636363637,1.1818181818181819,0.18181818181818182,0.0,0.0,121.72727272727273,33.81818181818182
Maryland,2017.0,327.5882352941176,260.47058823529414,61.76470588235294,5.0,0.35294117647058826,0.0,0.0,122.3529411764706,39.76470588235294
Massachusetts,2017.0,361.7692307692308,314.0,44.69230769230769,2.8461538461538463,0.23076923076923078,0.0,0.0,129.6153846153846,37.46153846153846
Michigan,2017.0,310.14285714285717,262.67857142857144,45.642857142857146,1.7857142857142858,0.03571428571428571,0.0,0.0,105.64285714285714,35.42857142857143
Minnesota,2017.0,338.65,298.55,40.05,0.05,0.0,0.0,0.0,86.3,31.55
Mississippi,2017.0,294.3636363636364,258.54545454545456,35.63636363636363,0.18181818181818182,0.0,0.0,0.0,78.0909090909091,35.81818181818182
Missouri,2017.0,315.75,265.2916666666667,49.583333333333336,0.8333333333333334,0.041666666666666664,0.0,0.0,96.41666666666667,35.791666666666664
Montana,2017.0,306.8421052631579,231.3684210526316,62.421052631578945,6.947368421052632,3.789473684210526,1.3157894736842106,1.0,188.78947368421052,30.894736842105264
Nebraska,2017.0,246.0,210.22222222222223,35.22222222222222,0.5555555555555556,0.0,0.0,0.0,93.77777777777777,28.555555555555557
Nevada,2017.0,358.6666666666667,274.44444444444446,78.66666666666667,5.0,0.5555555555555556,0.0,0.0,144.11111111111111,38.111111111111114
New Hampshire,2017.0,355.42857142857144,324.57142857142856,30.0,0.7142857142857143,0.14285714285714285,0.0,0.0,104.85714285714286,36.0
New Jersey,2017.0,349.3125,278.4375,67.375,3.5,0.0,0.0,0.0,115.625,38.4375
New Mexico,2017.0,285.25,209.6875,71.125,4.0,0.25,0.0,0.1875,133.8125,31.875
New York,2017.0,354.0,318.258064516129,33.54838709677419,2.096774193548387,0.0967741935483871,0.0,0.0,99.2258064516129,32.61290322580645
North Carolina,2017.0,323.89473684210526,277.1578947368421,45.31578947368421,1.2894736842105263,0.13157894736842105,0.0,0.0,89.89473684210526,36.55263157894737
North Dakota,2017.0,358.72727272727275,323.0,33.90909090909091,1.2727272727272727,0.5454545454545454,0.0,0.0,142.36363636363637,33.27272727272727
Ohio,2017.0,328.0487804878049,271.8536585365854,54.73170731707317,1.4390243902439024,0.024390243902439025,0.0,0.0,104.65853658536585,35.46341463414634
Oklahoma,2017.0,310.7857142857143,258.5,51.285714285714285,0.9642857142857143,0.03571428571428571,0.0,0.0,93.64285714285714,35.42857142857143
Oregon,2017.0,343.60869565217394,267.04347826086956,62.91304347826087,7.434782608695652,4.956521739130435,0.9565217391304348,0.30434782608695654,215.1304347826087,28.695652173913043
Pennsylvania,2017.0,361.86842105263156,269.55263157894734,89.76315789473684,2.3947368421052633,0.15789473684210525,0.0,0.0,108.89473684210526,40.68421052631579
Puerto Rico,2017.0,181.91666666666666,163.25,17.75,0.75,0.08333333333333333,0.08333333333333333,0.0,103.83333333333333,19.166666666666668
Rhode Island,2017.0,358.6666666666667,318.6666666666667,35.333333333333336,4.333333333333333,0.3333333333333333,0.0,0.0,144.66666666666666,34.333333333333336
South Carolina,2017.0,306.2631578947368,270.94736842105266,35.0,0.3157894736842105,0.0,0.0,0.0,84.15789473684211,35.578947368421055
South Dakota,2017.0,339.5,305.0,33.5,0.8,0.2,0.0,0.0,107.9,31.6
Tennessee,2017.0,309.4347826086956,260.82608695652175,47.43478260869565,1.0869565217391304,0.08695652173913043,0.0,0.0,94.34782608695652,36.82608695652174
Texas,2017.0,333.1224489795918,275.0408163265306,52.775510204081634,4.673469387755102,0.6326530612244898,0.0,0.0,114.40816326530613,32.87755102040816
Utah,2017.0,336.92857142857144,214.35714285714286,109.92857142857143,11.071428571428571,1.4285714285714286,0.14285714285714285,0.0,136.71428571428572,44.214285714285715
Vermont,2017.0,303.0,277.25,25.5,0.25,0.0,0.0,0.0,76.75,29.25
Virgin Islands,2017.0,46.5,40.0,6.5,0.0,0.0,0.0,0.0,73.0,19.5
Virginia,2017.0,268.0571428571429,243.85714285714286,21.942857142857143,1.457142857142857,0.8,0.0,0.0,79.45714285714286,29.742857142857144
Washington,2017.0,346.56666666666666,282.46666666666664,53.56666666666667,6.066666666666666,3.933333333333333,0.5333333333333333,0.0,183.5,26.966666666666665
West Virginia,2017.0,305.1875,270.4375,33.625,0.875,0.25,0.0,0.0,90.25,31.5
Wisconsin,2017.0,311.17857142857144,272.2142857142857,36.642857142857146,2.3214285714285716,0.0,0.0,0.0,100.67857142857143,35.67857142857143
Wyoming,2017.0,331.52941176470586,258.70588235294116,70.23529411764706,1.8823529411764706,0.5294117647058824,0.11764705882352941,0.058823529411764705,169.41176470588235,38.470588235294116
Alabama,2016.0,278.0,218.88888888888889,57.5,1.3333333333333333,0.2777777777777778,0.0,0.0,111.44444444444444,39.388888888888886
Alaska,2016.0,285.2857142857143,236.71428571428572,40.0,5.285714285714286,3.2857142857142856,0.0,0.0,88.42857142857143,24.142857142857142
Arizona,2016.0,363.6923076923077,237.46153846153845,106.38461538461539,16.923076923076923,2.6153846153846154,0.15384615384615385,0.15384615384615385,234.69230769230768,45.69230769230769
Arkansas,2016.0,274.72727272727275,242.0,32.36363636363637,0.18181818181818182,0.18181818181818182,0.0,0.0,91.45454545454545,33.54545454545455
California,2016.0,351.85185185185185,215.16666666666666,108.37037037037037,22.72222222222222,4.592592592592593,0.4074074074074074,0.5925925925925926,270.2037037037037,46.388888888888886
Colorado,2016.0,288.125,227.40625,58.0,2.5,0.1875,0.03125,0.0,103.65625,35.1875
Connecticut,2016.0,316.125,245.125,60.5,8.5,2.0,0.0,0.0,164.625,40.25
Country Of Mexico,2016.0,276.0,61.0,161.0,43.0,11.0,0.0,0.0,194.0,63.0
Delaware,2016.0,365.3333333333333,276.0,84.33333333333333,4.666666666666667,0.3333333333333333,0.0,0.0,139.66666666666666,41.333333333333336
District Of Columbia,2016.0,366.0,211.0,148.0,7.0,0.0,0.0,0.0,129.0,47.0
Florida,2016.0,357.3333333333333,313.7435897435897,43.07692307692308,0.4358974358974359,0.07692307692307693,0.0,0.0,95.58974358974359,37.1025641025641
Georgia,2016.0,286.5625,224.78125,58.34375,2.96875,0.46875,0.0,0.0,129.75,38.5
Hawaii,2016.0,364.0,264.5,21.5,32.25,45.25,0.25,0.25,145.25,54.25
Idaho,2016.0,324.0,279.0,41.523809523809526,3.1904761904761907,0.2857142857142857,0.0,0.0,104.80952380952381,23.61904761904762
Illinois,2016.0,322.51851851851853,270.6666666666667,48.74074074074074,3.037037037037037,0.07407407407407407,0.0,0.0,109.5925925925926,32.592592592592595
Indiana,2016.0,283.3809523809524,230.95238095238096,49.69047619047619,2.6666666666666665,0.047619047619047616,0.023809523809523808,0.0,110.57142857142857,33.357142857142854
Iowa,2016.0,294.7894736842105,233.31578947368422,60.8421052631579,0.5263157894736842,0.10526315789473684,0.0,0.0,97.94736842105263,34.10526315789474
Kansas,2016.0,314.8181818181818,284.72727272727275,29.636363636363637,0.36363636363636365,0.09090909090909091,0.0,0.0,104.72727272727273,31.90909090909091
Kentucky,2016.0,315.0357142857143,256.07142857142856,57.25,1.5714285714285714,0.14285714285714285,0.0,0.0,111.71428571428571,39.357142857142854
Louisiana,2016.0,329.1363636363636,277.3636363636364,50.5,1.2727272727272727,0.0,0.0,0.0,97.36363636363636,37.31818181818182
Maine,2016.0,333.72727272727275,307.72727272727275,25.454545454545453,0.45454545454545453,0.09090909090909091,0.0,0.0,98.36363636363636,31.818181818181817
Maryland,2016.0,317.625,239.125,72.625,5.375,0.4375,0.0625,0.0,130.9375,41.1875
Massachusetts,2016.0,363.0,320.0,40.61538461538461,2.230769230769231,0.15384615384615385,0.0,0.0,121.07692307692308,35.76923076923077
Michigan,2016.0,290.32142857142856,239.14285714285714,45.035714285714285,6.071428571428571,0.07142857142857142,0.0,0.0,123.10714285714286,34.714285714285715
Minnesota,2016.0,335.5,306.2,28.65,0.6,0.05,0.0,0.0,102.55,28.65
Mississippi,2016.0,289.90909090909093,253.9090909090909,35.90909090909091,0.09090909090909091,0.0,0.0,0.0,85.18181818181819,36.90909090909091
Missouri,2016.0,298.5217391304348,256.69565217391306,40.21739130434783,1.5217391304347827,0.08695652173913043,0.0,0.0,101.91304347826087,34.0
Montana,2016.0,310.05263157894734,270.6842105263158,36.31578947368421,2.736842105263158,0.2631578947368421,0.0,0.05263157894736842,116.6842105263158,26.68421052631579
Nebraska,2016.0,213.4,191.3,21.4,0.7,0.0,0.0,0.0,78.2,25.5
Nevada,2016.0,356.55555555555554,279.6666666666667,72.55555555555556,4.111111111111111,0.0,0.1111111111111111,0.1111111111111111,151.0,36.77777777777778
New Hampshire,2016.0,350.2857142857143,316.14285714285717,32.714285714285715,1.4285714285714286,0.0,0.0,0.0,99.85714285714286,36.0
New Jersey,2016.0,344.5625,261.8125,77.3125,5.0625,0.375,0.0,0.0,137.8125,39.625
New Mexico,2016.0,284.75,228.1875,55.125,1.125,0.25,0.0,0.0625,119.5625,30.5625
New York,2016.0,353.82758620689657,310.37931034482756,40.310344827586206,3.0689655172413794,0.06896551724137931,0.0,0.0,119.03448275862068,34.758620689655174
North Carolina,2016.0,294.3421052631579,242.39473684210526,49.89473684210526,1.605263157894737,0.4473684210526316,0.0,0.0,113.94736842105263,36.8421052631579
North Dakota,2016.0,363.0,349.6,13.0,0.4,0.0,0.0,0.0,93.7,30.1
Ohio,2016.0,316.5853658536585,252.58536585365854,60.36585365853659,3.5121951219512195,0.12195121951219512,0.0,0.0,109.8780487804878,35.829268292682926
Oklahoma,2016.0,321.04,279.2,41.28,0.52,0.04,0.0,0.0,93.8,36.24
Oregon,2016.0,343.45454545454544,305.40909090909093,37.68181818181818,0.3181818181818182,0.045454545454545456,0.0,0.0,90.81818181818181,24.636363636363637
Pennsylvania,2016.0,361.92105263157896,269.3157894736842,88.39473684210526,4.157894736842105,0.02631578947368421,0.02631578947368421,0.0,125.28947368421052,40.526315789473685
Puerto Rico,2016.0,239.0,221.5,14.916666666666666,1.8333333333333333,0.5833333333333334,0.16666666666666666,0.0,122.16666666666667,17.833333333333332
Rhode Island,2016.0,360.3333333333333,307.0,49.0,4.0,0.3333333333333333,0.0,0.0,146.0,37.0
South Carolina,2016.0,294.75,253.15,39.9,1.15,0.55,0.0,0.0,115.8,37.3
South Dakota,2016.0,339.6,312.8,26.2,0.6,0.0,0.0,0.0,90.1,30.9
Tennessee,2016.0,247.54166666666666,199.75,44.833333333333336,2.5,0.4583333333333333,0.0,0.0,112.58333333333333,36.416666666666664
Texas,2016.0,311.82978723404256,263.5744680851064,46.08510638297872,2.0638297872340425,0.10638297872340426,0.0,0.0,101.31914893617021,32.91489361702128
Utah,2016.0,325.2142857142857,237.42857142857142,79.35714285714286,7.214285714285714,1.0714285714285714,0.14285714285714285,0.0,124.85714285714286,39.5
Vermont,2016.0,301.5,279.75,21.5,0.25,0.0,0.0,0.0,83.0,29.0
Virgin Islands,2016.0,57.5,54.0,3.5,0.0,0.0,0.0,0.0,64.0,27.0
Virginia,2016.0,255.11764705882354,228.05882352941177,25.970588235294116,1.088235294117647,0.0,0.0,0.0,91.26470588235294,30.029411764705884
Washington,2016.0,348.7586206896552,317.44827586206895,30.344827586206897,0.7931034482758621,0.1724137931034483,0.0,0.0,88.17241379310344,24.103448275862068
West Virginia,2016.0,297.85714285714283,261.85714285714283,35.07142857142857,0.9285714285714286,0.0,0.0,0.0,98.28571428571429,34.357142857142854
Wisconsin,2016.0,286.25,246.28571428571428,35.82142857142857,3.892857142857143,0.25,0.0,0.0,119.0,34.642857142857146
Wyoming,2016.0,329.8888888888889,286.6111111111111,43.0,0.2222222222222222,0.05555555555555555,0.0,0.0,95.94444444444444,37.27777777777778
Alabama,2012.0,263.5882352941176,201.0,58.8235294117647,3.5294117647058822,0.23529411764705882,0.0,0.0,110.23529411764706,40.1764705882353
Alaska,2012.0,301.25,258.625,36.625,2.625,3.125,0.25,0.0,96.25,22.125
Arizona,2012.0,336.53846153846155,185.84615384615384,120.07692307692308,26.923076923076923,3.076923076923077,0.3076923076923077,0.3076923076923077,173.53846153846155,49.53846153846154
Arkansas,2012.0,225.07142857142858,164.57142857142858,56.5,3.642857142857143,0.35714285714285715,0.0,0.0,111.35714285714286,38.07142857142857
California,2012.0,349.72222222222223,202.42592592592592,113.83333333333333,25.85185185185185,6.833333333333333,0.37037037037037035,0.4074074074074074,288.7037037037037,48.7037037037037
Colorado,2012.0,292.2258064516129,198.06451612903226,81.35483870967742,11.903225806451612,0.8709677419354839,0.03225806451612903,0.0,125.80645161290323,40.25806451612903
Connecticut,2012.0,314.875,222.875,75.875,12.875,3.25,0.0,0.0,170.25,42.375
Country Of Mexico,2012.0,366.0,270.5,67.5,20.0,5.5,1.0,1.5,333.0,37.5
Delaware,2012.0,358.0,237.33333333333334,101.0,16.333333333333332,3.3333333333333335,0.0,0.0,177.66666666666666,43.333333333333336
District Of Columbia,2012.0,366.0,127.0,211.0,24.0,4.0,0.0,0.0,182.0,56.0
Florida,2012.0,357.4102564102564,305.05128205128204,50.41025641025641,1.7692307692307692,0.1794871794871795,0.0,0.0,113.02564102564102,35.8974358974359
Georgia,2012.0,296.71875,197.6875,94.875,3.53125,0.59375,0.03125,0.0,127.0,42.90625
Hawaii,2012.0,361.75,252.25,24.5,28.75,55.25,0.75,0.25,142.0,64.0
Idaho,2012.0,343.1333333333333,282.73333333333335,53.0,3.533333333333333,3.0,0.8666666666666667,0.0,162.66666666666666,23.866666666666667
Illinois,2012.0,335.34615384615387,245.07692307692307,75.0,13.384615384615385,1.8076923076923077,0.07692307692307693,0.0,150.3846153846154,36.92307692307692
Indiana,2012.0,275.0238095238095,181.33333333333334,82.5952380952381,10.047619047619047,0.9047619047619048,0.14285714285714285,0.0,137.71428571428572,39.61904761904762
Iowa,2012.0,286.8421052631579,185.68421052631578,96.36842105263158,4.421052631578948,0.3684210526315789,0.0,0.0,109.21052631578948,41.73684210526316
Kansas,2012.0,296.0769230769231,218.30769230769232,63.53846153846154,13.307692307692308,0.9230769230769231,0.0,0.0,132.69230769230768,34.84615384615385
Kentucky,2012.0,305.62068965517244,214.6551724137931,77.86206896551724,11.724137931034482,1.2413793103448276,0.13793103448275862,0.0,150.9655172413793,41.86206896551724
Louisiana,2012.0,339.04545454545456,240.0,93.27272727272727,5.2727272727272725,0.5,0.0,0.0,126.31818181818181,41.54545454545455
Maine,2012.0,299.27272727272725,276.8181818181818,21.636363636363637,0.8181818181818182,0.0,0.0,0.0,95.9090909090909,34.0
Maryland,2012.0,313.3333333333333,196.2,100.86666666666666,13.2,2.8,0.26666666666666666,0.0,180.53333333333333,45.266666666666666
Massachusetts,2012.0,325.25,251.41666666666666,67.08333333333333,6.083333333333333,0.6666666666666666,0.0,0.0,146.66666666666666,38.416666666666664
Michigan,2012.0,256.39285714285717,181.71428571428572,56.035714285714285,16.392857142857142,2.0357142857142856,0.21428571428571427,0.0,163.17857142857142,39.82142857142857
Minnesota,2012.0,297.2857142857143,243.95238095238096,52.333333333333336,0.9523809523809523,0.047619047619047616,0.0,0.0,101.38095238095238,33.285714285714285
Mississippi,2012.0,312.27272727272725,231.45454545454547,77.0909090909091,3.5454545454545454,0.18181818181818182,0.0,0.0,118.27272727272727,40.45454545454545
Missouri,2012.0,291.1363636363636,174.0909090909091,94.5,19.863636363636363,2.6818181818181817,0.0,0.0,153.8181818181818,44.22727272727273
Montana,2012.0,278.7894736842105,212.31578947368422,59.63157894736842,4.2105263157894735,2.4210526315789473,0.21052631578947367,0.0,118.0,28.842105263157894
Nebraska,2012.0,221.45454545454547,164.27272727272728,54.18181818181818,2.909090909090909,0.09090909090909091,0.0,0.0,95.9090909090909,33.45454545454545
Nevada,2012.0,258.0,173.6,74.5,8.5,0.6,0.0,0.8,178.4,36.2
New Hampshire,2012.0,343.57142857142856,283.14285714285717,57.714285714285715,2.7142857142857144,0.0,0.0,0.0,115.57142857142857,37.142857142857146
New Jersey,2012.0,337.375,243.9375,80.375,11.6875,1.375,0.0,0.0,146.75,40.625
New Mexico,2012.0,272.3888888888889,200.83333333333334,66.11111111111111,4.611111111111111,0.16666666666666666,0.16666666666666666,0.5,234.61111111111111,32.77777777777778
New York,2012.0,351.1515151515151,287.93939393939394,57.0,5.818181818181818,0.3939393939393939,0.0,0.0,125.33333333333333,35.84848484848485
North Carolina,2012.0,286.54347826086956,223.15217391304347,59.97826086956522,2.9347826086956523,0.43478260869565216,0.043478260869565216,0.0,127.67391304347827,39.5
North Dakota,2012.0,365.77777777777777,320.0,44.333333333333336,1.0,0.4444444444444444,0.0,0.0,95.11111111111111,33.666666666666664
Ohio,2012.0,318.07142857142856,205.47619047619048,98.04761904761905,12.80952380952381,1.6666666666666667,0.07142857142857142,0.0,157.35714285714286,40.95238095238095
Oklahoma,2012.0,332.59090909090907,217.72727272727272,99.31818181818181,14.454545454545455,1.0454545454545454,0.045454545454545456,0.0,143.86363636363637,42.81818181818182
Oregon,2012.0,344.5833333333333,288.4583333333333,53.375,1.9583333333333333,0.5833333333333334,0.041666666666666664,0.16666666666666666,128.0,27.416666666666668
Pennsylvania,2012.0,355.8421052631579,224.92105263157896,117.6842105263158,12.131578947368421,1.105263157894737,0.0,0.0,148.07894736842104,43.78947368421053
Puerto Rico,2012.0,263.2307692307692,247.07692307692307,16.153846153846153,0.0,0.0,0.0,0.0,68.53846153846153,18.153846153846153
Rhode Island,2012.0,342.6666666666667,270.0,63.333333333333336,8.333333333333334,1.0,0.0,0.0,161.66666666666666,39.0
South Carolina,2012.0,280.2105263157895,223.57894736842104,55.31578947368421,1.2105263157894737,0.10526315789473684,0.0,0.0,109.21052631578948,38.8421052631579
South Dakota,2012.0,337.77777777777777,254.88888888888889,81.11111111111111,1.6666666666666667,0.1111111111111111,0.0,0.0,105.55555555555556,38.888888888888886
Tennessee,2012.0,285.30434782608694,203.2173913043478,71.65217391304348,9.130434782608695,1.173913043478261,0.13043478260869565,0.0,139.65217391304347,39.30434782608695
Texas,2012.0,342.3953488372093,249.88372093023256,82.83720930232558,8.30232558139535,1.0930232558139534,0.23255813953488372,0.046511627906976744,153.67441860465115,40.23255813953488
Utah,2012.0,337.6666666666667,211.6,117.33333333333333,8.4,0.3333333333333333,0.0,0.0,128.8,44.13333333333333
Vermont,2012.0,302.75,254.5,47.0,1.25,0.0,0.0,0.0,93.5,30.25
Virgin Islands,2012.0,242.5,230.5,12.0,0.0,0.0,0.0,0.0,75.5,12.0
Virginia,2012.0,253.3684210526316,207.76315789473685,41.8421052631579,3.3157894736842106,0.42105263157894735,0.02631578947368421,0.0,107.71052631578948,32.5
Washington,2012.0,358.86206896551727,306.62068965517244,48.86206896551724,2.0,1.2758620689655173,0.06896551724137931,0.034482758620689655,123.58620689655173,26.275862068965516
West Virginia,2012.0,289.3333333333333,213.66666666666666,70.66666666666667,4.8,0.2,0.0,0.0,128.4,39.266666666666666
Wisconsin,2012.0,256.53125,186.09375,58.0625,10.4375,1.9375,0.0,0.0,140.0,36.34375
Wyoming,2012.0,308.42105263157896,223.05263157894737,80.94736842105263,3.736842105263158,0.631578947368421,0.05263157894736842,0.0,126.57894736842105,34.78947368421053
Alabama,2013.0,265.1666666666667,224.88888888888889,40.111111111111114,0.16666666666666666,0.0,0.0,0.0,86.05555555555556,37.166666666666664
Alaska,2013.0,284.25,244.0,31.875,4.75,3.625,0.0,0.0,108.0,20.375
Arizona,2013.0,346.61538461538464,208.69230769230768,116.61538461538461,17.0,3.3076923076923075,0.6153846153846154,0.38461538461538464,240.84615384615384,46.46153846153846
Arkansas,2013.0,268.6363636363636,215.0909090909091,53.09090909090909,0.45454545454545453,0.0,0.0,0.0,93.18181818181819,34.90909090909091
California,2013.0,346.2037037037037,190.94444444444446,127.16666666666667,22.72222222222222,5.0,0.2037037037037037,0.16666666666666666,219.2037037037037,49.425925925925924
Colorado,2013.0,304.43333333333334,215.93333333333334,80.73333333333333,7.033333333333333,0.6,0.1,0.03333333333333333,164.83333333333334,39.63333333333333
Connecticut,2013.0,315.0,213.375,91.75,8.0,1.875,0.0,0.0,156.75,44.0
Country Of Mexico,2013.0,364.0,290.0,45.5,16.0,6.5,3.5,2.5,383.0,31.5
Delaware,2013.0,362.3333333333333,264.6666666666667,94.0,3.6666666666666665,0.0,0.0,0.0,123.0,42.0
District Of Columbia,2013.0,365.0,203.0,161.0,1.0,0.0,0.0,0.0,101.0,48.0
Florida,2013.0,354.2894736842105,311.3157894736842,42.10526315789474,0.8421052631578947,0.0,0.02631578947368421,0.0,101.44736842105263,34.921052631578945
Georgia,2013.0,297.5,226.96875,69.28125,1.21875,0.03125,0.0,0.0,99.3125,38.5625
Hawaii,2013.0,364.25,260.5,27.75,36.0,39.75,0.25,0.0,105.0,53.5
Idaho,2013.0,282.7142857142857,231.07142857142858,45.285714285714285,4.857142857142857,1.5,0.0,0.0,122.85714285714286,24.214285714285715
Illinois,2013.0,328.38461538461536,270.03846153846155,55.76923076923077,2.3461538461538463,0.23076923076923078,0.0,0.0,103.11538461538461,34.57692307692308
Indiana,2013.0,282.92857142857144,209.57142857142858,71.14285714285714,2.0952380952380953,0.11904761904761904,0.0,0.0,104.97619047619048,37.42857142857143
Iowa,2013.0,291.89473684210526,205.94736842105263,82.0,3.736842105263158,0.21052631578947367,0.0,0.0,103.15789473684211,39.473684210526315
Kansas,2013.0,277.61538461538464,231.3846153846154,45.30769230769231,0.9230769230769231,0.0,0.0,0.0,88.23076923076923,32.46153846153846
Kentucky,2013.0,308.7586206896552,256.9655172413793,51.06896551724138,0.7241379310344828,0.0,0.0,0.0,94.03448275862068,38.0
Louisiana,2013.0,340.8181818181818,265.3636363636364,72.63636363636364,2.5454545454545454,0.2727272727272727,0.0,0.0,118.22727272727273,38.77272727272727
Maine,2013.0,306.6363636363636,278.1818181818182,26.272727272727273,2.1818181818181817,0.0,0.0,0.0,117.45454545454545,34.72727272727273
Maryland,2013.0,312.53333333333336,232.8,76.93333333333334,2.8,0.0,0.0,0.0,116.86666666666666,42.06666666666667
Massachusetts,2013.0,341.5,272.25,65.25,3.9166666666666665,0.08333333333333333,0.0,0.0,120.08333333333333,38.416666666666664
Michigan,2013.0,264.92857142857144,211.25,51.392857142857146,2.25,0.03571428571428571,0.0,0.0,111.92857142857143,36.357142857142854
Minnesota,2013.0,305.8,256.05,49.45,0.3,0.0,0.0,0.0,89.0,33.95
Mississippi,2013.0,312.2,266.0,45.6,0.6,0.0,0.0,0.0,98.8,37.3
Missouri,2013.0,294.72727272727275,213.6818181818182,76.13636363636364,4.7272727272727275,0.18181818181818182,0.0,0.0,115.36363636363636,41.09090909090909
Montana,2013.0,299.3157894736842,252.8421052631579,43.78947368421053,2.3157894736842106,0.3684210526315789,0.0,0.0,93.05263157894737,28.210526315789473
Nebraska,2013.0,205.36363636363637,172.54545454545453,32.18181818181818,0.6363636363636364,0.0,0.0,0.0,82.9090909090909,27.09090909090909
Nevada,2013.0,289.5,202.2,75.8,6.8,2.6,0.7,1.4,209.7,37.5
New Hampshire,2013.0,343.2857142857143,285.0,57.0,1.2857142857142858,0.0,0.0,0.0,103.28571428571429,36.857142857142854
New Jersey,2013.0,338.8125,262.625,72.9375,3.0625,0.1875,0.0,0.0,123.3125,39.125
New Mexico,2013.0,275.55555555555554,205.44444444444446,65.16666666666667,3.6666666666666665,0.7222222222222222,0.1111111111111111,0.4444444444444444,139.5,33.5
New York,2013.0,356.58620689655174,304.62068965517244,50.44827586206897,1.4137931034482758,0.10344827586206896,0.0,0.0,106.55172413793103,35.37931034482759
North Carolina,2013.0,286.63829787234044,241.12765957446808,45.191489361702125,0.2978723404255319,0.02127659574468085,0.0,0.0,90.93617021276596,36.297872340425535
North Dakota,2013.0,363.6666666666667,321.0,40.55555555555556,1.2222222222222223,0.8888888888888888,0.0,0.0,93.55555555555556,37.111111111111114
Ohio,2013.0,315.4390243902439,235.97560975609755,76.8780487804878,2.5121951219512195,0.07317073170731707,0.0,0.0,111.53658536585365,37.292682926829265
Oklahoma,2013.0,306.69565217391306,228.65217391304347,74.56521739130434,3.4782608695652173,0.0,0.0,0.0,110.34782608695652,39.391304347826086
Oregon,2013.0,345.3333333333333,264.8333333333333,72.54166666666667,5.75,1.9166666666666667,0.20833333333333334,0.08333333333333333,135.45833333333334,31.625
Pennsylvania,2013.0,360.46153846153845,252.2051282051282,103.43589743589743,4.717948717948718,0.10256410256410256,0.0,0.0,124.7948717948718,41.82051282051282
Puerto Rico,2013.0,253.76923076923077,248.46153846153845,4.461538461538462,0.46153846153846156,0.38461538461538464,0.0,0.0,74.92307692307692,16.923076923076923
Rhode Island,2013.0,362.3333333333333,291.3333333333333,64.0,6.666666666666667,0.3333333333333333,0.0,0.0,154.0,39.333333333333336
South Carolina,2013.0,296.2105263157895,255.31578947368422,40.78947368421053,0.10526315789473684,0.0,0.0,0.0,84.05263157894737,33.73684210526316
South Dakota,2013.0,335.55555555555554,273.77777777777777,61.666666666666664,0.1111111111111111,0.0,0.0,0.0,90.11111111111111,37.44444444444444
Tennessee,2013.0,268.68,215.96,52.08,0.64,0.0,0.0,0.0,88.28,38.4
Texas,2013.0,344.1860465116279,263.06976744186045,74.97674418604652,5.6976744186046515,0.4418604651162791,0.0,0.0,126.25581395348837,38.58139534883721
Utah,2013.0,331.26666666666665,208.0,100.8,14.733333333333333,6.133333333333334,1.6,0.0,141.93333333333334,44.733333333333334
Vermont,2013.0,302.5,254.0,47.25,1.25,0.0,0.0,0.0,103.75,30.25
Virgin Islands,2013.0,96.0,86.5,9.5,0.0,0.0,0.0,0.0,78.5,13.5
Virginia,2013.0,249.11111111111111,221.75,26.97222222222222,0.3888888888888889,0.0,0.0,0.0,84.22222222222223,31.194444444444443
Washington,2013.0,346.62068965517244,285.3448275862069,59.172413793103445,1.793103448275862,0.27586206896551724,0.0,0.034482758620689655,112.0,27.448275862068964
West Virginia,2013.0,286.3333333333333,240.26666666666668,45.333333333333336,0.7333333333333333,0.0,0.0,0.0,98.46666666666667,35.4
Wisconsin,2013.0,253.96969696969697,197.4848484848485,53.93939393939394,2.515151515151515,0.0,0.030303030303030304,0.0,96.84848484848484,34.45454545454545
Wyoming,2013.0,319.0,258.0,60.0,0.8888888888888888,0.05555555555555555,0.0,0.05555555555555555,109.77777777777777,36.77777777777778
Alabama,2011.0,248.52631578947367,171.78947368421052,72.36842105263158,4.0,0.3684210526315789,0.0,0.0,111.52631578947368,42.78947368421053
Alaska,2011.0,274.5,235.25,34.875,3.625,0.625,0.125,0.0,98.25,22.375
Arizona,2011.0,320.61538461538464,177.15384615384616,117.0,21.846153846153847,2.3846153846153846,1.0,1.2307692307692308,314.7692307692308,47.84615384615385
Arkansas,2011.0,216.88235294117646,154.47058823529412,59.1764705882353,3.1176470588235294,0.11764705882352941,0.0,0.0,98.23529411764706,40.470588235294116
California,2011.0,345.74074074074076,193.25925925925927,120.37037037037037,24.35185185185185,7.018518518518518,0.37037037037037035,0.37037037037037035,471.037037037037,49.425925925925924
Colorado,2011.0,285.15625,190.46875,85.40625,8.8125,0.40625,0.03125,0.03125,129.625,38.8125
Connecticut,2011.0,281.375,222.125,50.75,6.0,2.5,0.0,0.0,164.0,39.5
Country Of Mexico,2011.0,362.5,220.0,106.5,25.5,6.0,2.5,2.0,371.5,46.0
Delaware,2011.0,365.0,250.0,102.0,10.666666666666666,2.3333333333333335,0.0,0.0,177.0,44.0
District Of Columbia,2011.0,365.0,135.0,214.0,13.0,3.0,0.0,0.0,166.0,54.0
Florida,2011.0,347.7435897435897,276.0,67.8974358974359,3.641025641025641,0.20512820512820512,0.0,0.0,117.94871794871794,37.97435897435897
Georgia,2011.0,295.625,168.34375,118.78125,8.0625,0.4375,0.0,0.0,128.625,46.75
Hawaii,2011.0,331.0,208.5,54.25,34.5,33.75,0.0,0.0,115.5,51.25
Idaho,2011.0,318.1764705882353,274.70588235294116,40.64705882352941,2.4705882352941178,0.35294117647058826,0.0,0.0,94.05882352941177,25.470588235294116
Illinois,2011.0,335.53846153846155,257.7307692307692,71.73076923076923,5.3076923076923075,0.7692307692307693,0.0,0.0,130.23076923076923,36.53846153846154
Indiana,2011.0,272.4761904761905,179.9047619047619,85.85714285714286,6.309523809523809,0.40476190476190477,0.0,0.0,126.71428571428571,40.214285714285715
Iowa,2011.0,270.15,180.7,87.4,1.4,0.65,0.0,0.0,97.75,41.15
Kansas,2011.0,262.8,195.53333333333333,61.06666666666667,6.133333333333334,0.06666666666666667,0.0,0.0,114.8,33.4
Kentucky,2011.0,301.3,214.76666666666668,81.0,5.1,0.43333333333333335,0.0,0.0,124.76666666666667,41.8
Louisiana,2011.0,338.45454545454544,227.5909090909091,97.81818181818181,11.0,2.0454545454545454,0.0,0.0,140.0,42.54545454545455
Maine,2011.0,273.9166666666667,247.5,25.083333333333332,1.0833333333333333,0.25,0.0,0.0,104.33333333333333,33.083333333333336
Maryland,2011.0,304.6,190.93333333333334,98.33333333333333,12.2,2.933333333333333,0.2,0.0,166.13333333333333,45.266666666666666
Massachusetts,2011.0,329.75,244.16666666666666,80.75,4.166666666666667,0.5833333333333334,0.08333333333333333,0.0,142.08333333333334,40.25
Michigan,2011.0,245.07142857142858,192.21428571428572,46.32142857142857,5.75,0.7857142857142857,0.0,0.0,140.75,37.785714285714285
Minnesota,2011.0,290.6666666666667,238.0,51.523809523809526,1.0952380952380953,0.047619047619047616,0.0,0.0,100.76190476190476,33.23809523809524
Mississippi,2011.0,292.3076923076923,195.6153846153846,94.15384615384616,2.5384615384615383,0.0,0.0,0.0,107.15384615384616,43.38461538461539
Missouri,2011.0,284.77272727272725,180.54545454545453,91.31818181818181,11.954545454545455,0.9545454545454546,0.0,0.0,138.3181818181818,43.72727272727273
Montana,2011.0,285.6111111111111,231.0,50.111111111111114,4.0,0.5,0.0,0.0,98.83333333333333,27.88888888888889
Nebraska,2011.0,218.72727272727272,174.8181818181818,43.36363636363637,0.5454545454545454,0.0,0.0,0.0,88.54545454545455,30.545454545454547
Nevada,2011.0,300.1,235.6,58.1,6.2,0.2,0.0,0.0,110.4,33.0
New Hampshire,2011.0,341.7142857142857,259.42857142857144,72.14285714285714,8.857142857142858,1.2857142857142858,0.0,0.0,130.71428571428572,39.857142857142854
New Jersey,2011.0,349.9375,248.4375,88.75,10.875,1.875,0.0,0.0,158.0,41.5625
New Mexico,2011.0,273.8333333333333,197.05555555555554,70.83333333333333,5.111111111111111,0.3333333333333333,0.1111111111111111,0.3888888888888889,175.61111111111111,32.666666666666664
New York,2011.0,347.97058823529414,283.4117647058824,60.6764705882353,3.2941176470588234,0.5588235294117647,0.029411764705882353,0.0,130.6764705882353,37.38235294117647
North Carolina,2011.0,285.9782608695652,193.6304347826087,87.34782608695652,4.673913043478261,0.32608695652173914,0.0,0.0,118.3913043478261,42.369565217391305
North Dakota,2011.0,353.77777777777777,322.8888888888889,29.77777777777778,1.0,0.0,0.1111111111111111,0.0,109.55555555555556,33.333333333333336
Ohio,2011.0,316.4418604651163,211.48837209302326,93.16279069767442,11.093023255813954,0.6976744186046512,0.0,0.0,134.41860465116278,39.58139534883721
Oklahoma,2011.0,331.30434782608694,200.95652173913044,110.04347826086956,19.347826086956523,0.9565217391304348,0.0,0.0,147.2173913043478,45.47826086956522
Oregon,2011.0,328.36,266.84,57.68,3.4,0.44,0.0,0.0,117.4,25.84
Pennsylvania,2011.0,346.55263157894734,222.5,115.10526315789474,8.263157894736842,0.6842105263157895,0.0,0.0,136.1578947368421,43.526315789473685
Puerto Rico,2011.0,229.53846153846155,224.6153846153846,4.923076923076923,0.0,0.0,0.0,0.0,56.92307692307692,14.692307692307692
Rhode Island,2011.0,314.6666666666667,243.66666666666666,64.66666666666667,6.333333333333333,0.0,0.0,0.0,140.0,40.0
South Carolina,2011.0,299.7,209.2,86.3,4.0,0.2,0.0,0.0,121.0,42.7
South Dakota,2011.0,334.0,296.22222222222223,37.44444444444444,0.3333333333333333,0.0,0.0,0.0,87.11111111111111,33.888888888888886
Tennessee,2011.0,296.75,206.04166666666666,81.16666666666667,9.0,0.5416666666666666,0.0,0.0,126.75,39.416666666666664
Texas,2011.0,334.97777777777776,227.44444444444446,93.37777777777778,12.177777777777777,1.9333333333333333,0.044444444444444446,0.0,147.06666666666666,41.6
Utah,2011.0,310.2,200.46666666666667,99.46666666666667,7.466666666666667,2.2,0.6,0.0,134.93333333333334,41.8
Vermont,2011.0,274.0,205.5,66.25,2.25,0.0,0.0,0.0,93.0,31.25
Virgin Islands,2011.0,240.5,218.0,19.5,2.0,1.0,0.0,0.0,130.5,16.5
Virginia,2011.0,252.71052631578948,199.05263157894737,49.8421052631579,3.3947368421052633,0.42105263157894735,0.0,0.0,105.63157894736842,33.473684210526315
Washington,2011.0,348.2,301.43333333333334,44.766666666666666,1.5666666666666667,0.43333333333333335,0.0,0.0,98.53333333333333,24.266666666666666
West Virginia,2011.0,280.5625,210.5,65.9375,3.625,0.5,0.0,0.0,115.5,38.125
Wisconsin,2011.0,246.23333333333332,194.26666666666668,47.2,4.333333333333333,0.4,0.03333333333333333,0.0,124.46666666666667,37.266666666666666
Wyoming,2011.0,298.10526315789474,235.57894736842104,60.1578947368421,1.9473684210526316,0.2631578947368421,0.15789473684210525,0.0,100.21052631578948,32.63157894736842
Alabama,2010.0,282.2631578947368,164.89473684210526,113.05263157894737,4.0,0.3157894736842105,0.0,0.0,112.26315789473684,46.1578947368421
Alaska,2010.0,262.125,222.0,35.0,4.125,1.0,0.0,0.0,88.5,19.75
Arizona,2010.0,309.7692307692308,186.07692307692307,104.6923076923077,16.923076923076923,1.9230769230769231,0.0,0.15384615384615385,238.3846153846154,46.0
Arkansas,2010.0,222.64705882352942,152.94117647058823,67.3529411764706,2.235294117647059,0.11764705882352941,0.0,0.0,100.0,41.35294117647059
California,2010.0,350.39622641509436,221.9433962264151,102.33962264150944,19.88679245283019,5.320754716981132,0.4716981132075472,0.4339622641509434,305.60377358490564,45.301886792452834
Colorado,2010.0,275.125,197.40625,72.3125,5.125,0.28125,0.0,0.0,118.21875,36.5
Connecticut,2010.0,313.625,238.125,63.625,10.75,1.125,0.0,0.0,152.625,39.75
Country Of Mexico,2010.0,264.0,136.66666666666666,109.0,14.0,3.6666666666666665,0.0,0.6666666666666666,478.0,54.666666666666664
Delaware,2010.0,325.3333333333333,190.66666666666666,112.66666666666667,18.0,4.0,0.0,0.0,168.0,46.666666666666664
District Of Columbia,2010.0,365.0,180.0,150.0,28.0,7.0,0.0,0.0,187.0,51.0
Florida,2010.0,347.7105263157895,265.42105263157896,79.55263157894737,2.4210526315789473,0.3157894736842105,0.0,0.0,115.3157894736842,39.60526315789474
Georgia,2010.0,297.25,170.34375,122.4375,3.9375,0.5,0.03125,0.0,131.78125,46.34375
Hawaii,2010.0,357.6666666666667,211.0,31.666666666666668,26.0,81.66666666666667,5.333333333333333,2.0,253.66666666666666,85.33333333333333
Idaho,2010.0,277.72222222222223,233.83333333333334,40.94444444444444,2.7777777777777777,0.16666666666666666,0.0,0.0,104.05555555555556,27.444444444444443
Illinois,2010.0,331.2962962962963,247.40740740740742,77.85185185185185,5.666666666666667,0.37037037037037035,0.0,0.0,116.25925925925925,38.074074074074076
Indiana,2010.0,270.72093023255815,171.72093023255815,92.76744186046511,5.906976744186046,0.32558139534883723,0.0,0.0,116.09302325581395,41.7906976744186
Iowa,2010.0,271.5,186.9,80.65,3.8,0.15,0.0,0.0,107.5,39.2
Kansas,2010.0,288.53333333333336,236.26666666666668,49.86666666666667,2.4,0.0,0.0,0.0,100.6,31.6
Kentucky,2010.0,294.84375,195.8125,92.71875,6.1875,0.125,0.0,0.0,116.625,43.5
Louisiana,2010.0,321.17391304347825,213.7826086956522,96.82608695652173,9.478260869565217,1.0869565217391304,0.0,0.0,129.7826086956522,42.608695652173914
Maine,2010.0,307.25,279.5833333333333,25.5,1.5833333333333333,0.5833333333333334,0.0,0.0,125.5,34.083333333333336
Maryland,2010.0,296.3125,175.125,102.1875,16.125,2.75,0.125,0.0,173.4375,46.375
Massachusetts,2010.0,326.9166666666667,245.75,74.33333333333333,6.25,0.5833333333333334,0.0,0.0,145.08333333333334,39.0
Michigan,2010.0,240.82142857142858,184.03571428571428,52.75,3.9285714285714284,0.10714285714285714,0.0,0.0,119.46428571428571,38.464285714285715
Minnesota,2010.0,293.0,235.8095238095238,55.285714285714285,1.9047619047619047,0.0,0.0,0.0,106.57142857142857,32.23809523809524
Mississippi,2010.0,294.6923076923077,191.84615384615384,99.3076923076923,3.5384615384615383,0.0,0.0,0.0,114.07692307692308,44.30769230769231
Missouri,2010.0,294.76190476190476,187.28571428571428,96.14285714285714,10.80952380952381,0.5238095238095238,0.0,0.0,130.33333333333334,44.666666666666664
Montana,2010.0,286.3157894736842,233.0,47.78947368421053,5.0,0.5263157894736842,0.0,0.0,103.78947368421052,28.210526315789473
Nebraska,2010.0,210.27272727272728,174.54545454545453,34.27272727272727,1.2727272727272727,0.18181818181818182,0.0,0.0,106.9090909090909,29.90909090909091
Nevada,2010.0,291.8,235.8,52.0,4.0,0.0,0.0,0.0,98.6,32.6
New Hampshire,2010.0,342.57142857142856,262.2857142857143,63.142857142857146,15.857142857142858,1.2857142857142858,0.0,0.0,134.57142857142858,40.285714285714285
New Jersey,2010.0,348.25,239.375,92.6875,13.875,2.25,0.0625,0.0,164.125,40.75
New Mexico,2010.0,274.44444444444446,216.66666666666666,55.166666666666664,1.8333333333333333,0.3333333333333333,0.1111111111111111,0.3333333333333333,140.27777777777777,30.333333333333332
New York,2010.0,358.94117647058823,286.29411764705884,66.0,6.176470588235294,0.4411764705882353,0.029411764705882353,0.0,130.41176470588235,37.11764705882353
North Carolina,2010.0,282.7173913043478,184.04347826086956,92.8695652173913,5.565217391304348,0.2391304347826087,0.0,0.0,119.73913043478261,43.26086956521739
North Dakota,2010.0,310.1,270.5,38.5,1.1,0.0,0.0,0.0,106.4,32.0
Ohio,2010.0,319.65909090909093,194.79545454545453,112.93181818181819,11.477272727272727,0.45454545454545453,0.0,0.0,136.4318181818182,42.5
Oklahoma,2010.0,322.625,235.45833333333334,85.16666666666667,1.9583333333333333,0.041666666666666664,0.0,0.0,108.79166666666667,40.416666666666664
Oregon,2010.0,357.75,308.0416666666667,48.666666666666664,0.9166666666666666,0.125,0.0,0.0,108.33333333333333,25.416666666666668
Pennsylvania,2010.0,339.6216216216216,207.97297297297297,116.70270270270271,13.594594594594595,1.3513513513513513,0.0,0.0,150.56756756756758,44.13513513513514
Puerto Rico,2010.0,305.8,294.5,11.0,0.2,0.1,0.0,0.0,82.9,15.3
Rhode Island,2010.0,310.0,242.33333333333334,60.666666666666664,6.333333333333333,0.6666666666666666,0.0,0.0,143.33333333333334,39.333333333333336
South Carolina,2010.0,326.0,243.5,79.1,3.4,0.0,0.0,0.0,113.45,40.85
South Dakota,2010.0,337.44444444444446,288.44444444444446,48.44444444444444,0.4444444444444444,0.1111111111111111,0.0,0.0,105.66666666666667,34.666666666666664
Tennessee,2010.0,284.4,193.8,79.28,10.8,0.52,0.0,0.0,123.72,39.28
Texas,2010.0,339.0888888888889,259.68888888888887,72.88888888888889,5.8,0.7111111111111111,0.0,0.0,119.31111111111112,38.333333333333336
Utah,2010.0,307.53846153846155,191.76923076923077,102.76923076923077,9.0,2.8461538461538463,1.0769230769230769,0.07692307692307693,167.3846153846154,41.61538461538461
Vermont,2010.0,364.6666666666667,293.6666666666667,69.33333333333333,1.3333333333333333,0.3333333333333333,0.0,0.0,123.0,34.333333333333336
Virgin Islands,2010.0,241.5,210.5,29.5,1.0,0.5,0.0,0.0,132.0,15.0
Virginia,2010.0,238.0,171.43589743589743,61.48717948717949,4.435897435897436,0.6410256410256411,0.0,0.0,114.92307692307692,36.256410256410255
Washington,2010.0,353.73333333333335,317.8,35.333333333333336,0.43333333333333335,0.1,0.06666666666666667,0.0,86.76666666666667,23.766666666666666
West Virginia,2010.0,292.375,198.5625,86.75,6.5,0.5625,0.0,0.0,130.0,42.375
Wisconsin,2010.0,242.3030303030303,196.8181818181818,41.09090909090909,3.9696969696969697,0.42424242424242425,0.0,0.0,117.51515151515152,37.75757575757576
Wyoming,2010.0,280.57894736842104,228.31578947368422,51.421052631578945,0.8421052631578947,0.0,0.0,0.0,86.10526315789474,30.473684210526315
